,Company,Date,Open,High,Low,Close,Adj Close,Volume
0,SHREECEM.NS,2020-05-04,19174.0,19304.699219,18540.0,18625.0,18625.0,35572
1,SHREECEM.NS,2020-05-05,18675.5,18899.800781,18250.0,18512.0,18512.0,43081
2,SHREECEM.NS,2020-05-06,18624.900391,18930.0,18523.599609,18741.900391,18741.900391,31793
3,SHREECEM.NS,2020-05-07,18741.900391,18884.199219,18041.900391,18432.400391,18432.400391,44718
4,SHREECEM.NS,2020-05-08,18680.0,18879.400391,18450.099609,18732.800781,18732.800781,37689
5,SHREECEM.NS,2020-05-11,19099.0,19299.0,18812.800781,18914.900391,18914.900391,86212
6,SHREECEM.NS,2020-05-12,18845.199219,19232.0,18416.5,19127.199219,19127.199219,45807
7,SHREECEM.NS,2020-05-13,19534.900391,20309.900391,19442.400391,19763.199219,19763.199219,97463
8,SHREECEM.NS,2020-05-14,19700.0,19928.800781,19165.099609,19310.800781,19310.800781,76779
9,SHREECEM.NS,2020-05-15,19509.900391,19563.550781,18811.5,19180.5,19180.5,52718
10,RENUKA.NS,2020-05-04,5.15,5.15,5.1,5.1,5.1,369483
11,RENUKA.NS,2020-05-05,5.1,5.15,4.85,4.95,4.95,981370
12,RENUKA.NS,2020-05-06,4.95,5.05,4.9,4.95,4.95,490873
13,RENUKA.NS,2020-05-07,5.0,5.05,4.9,4.95,4.95,358755
14,RENUKA.NS,2020-05-08,5.0,5.05,4.9,4.9,4.9,282208
15,RENUKA.NS,2020-05-11,4.9,5.0,4.7,4.7,4.7,702868
16,RENUKA.NS,2020-05-12,4.6,4.7,4.5,4.5,4.5,710762
17,RENUKA.NS,2020-05-13,4.55,4.7,4.55,4.7,4.7,812319
18,RENUKA.NS,2020-05-14,4.75,4.8,4.65,4.8,4.8,352640
19,RENUKA.NS,2020-05-15,4.8,4.85,4.65,4.7,4.7,380388
20,SHRIRAMCIT.NS,2020-05-04,741.0,785.950012,730.599976,738.099976,738.099976,71403
21,SHRIRAMCIT.NS,2020-05-05,754.950012,755.0,714.049988,719.900024,719.900024,12392
22,SHRIRAMCIT.NS,2020-05-06,734.200012,734.200012,710.0,713.950012,713.950012,12660
23,SHRIRAMCIT.NS,2020-05-07,714.150024,729.700012,707.0,716.5,716.5,4409
24,SHRIRAMCIT.NS,2020-05-08,710.099976,729.0,710.0,713.650024,713.650024,4320
25,SHRIRAMCIT.NS,2020-05-11,725.0,725.0,708.049988,709.849976,709.849976,4540
26,SHRIRAMCIT.NS,2020-05-12,705.0,713.950012,679.0,690.549988,690.549988,9189
27,SHRIRAMCIT.NS,2020-05-13,738.0,738.0,695.0,711.5,711.5,6259
28,SHRIRAMCIT.NS,2020-05-14,711.5,727.099976,693.049988,701.400024,701.400024,8748
29,SHRIRAMCIT.NS,2020-05-15,710.0,720.150024,700.049988,704.25,704.25,5352
30,SRTRANSFIN.NS,2020-05-04,740.0,763.900024,690.200012,747.400024,747.400024,5837828
31,SRTRANSFIN.NS,2020-05-05,768.650024,787.549988,726.099976,739.599976,739.599976,5098580
32,SRTRANSFIN.NS,2020-05-06,733.950012,795.0,721.75,781.25,781.25,4975451
33,SRTRANSFIN.NS,2020-05-07,771.0,807.0,745.150024,755.599976,755.599976,3933307
34,SRTRANSFIN.NS,2020-05-08,774.5,789.0,733.349976,744.400024,744.400024,3034206
35,SRTRANSFIN.NS,2020-05-11,759.799988,767.900024,726.049988,736.150024,736.150024,2682621
36,SRTRANSFIN.NS,2020-05-12,709.0,709.349976,644.0,670.099976,670.099976,7482201
37,SRTRANSFIN.NS,2020-05-13,703.099976,722.950012,663.599976,671.650024,671.650024,6014688
38,SRTRANSFIN.NS,2020-05-14,695.049988,720.0,642.150024,648.200012,648.200012,10126618
39,SRTRANSFIN.NS,2020-05-15,641.75,659.900024,626.25,641.349976,641.349976,6364452
40,SIEMENS.NS,2020-05-04,1110.0,1110.0,1068.0,1095.449951,1095.449951,585286
41,SIEMENS.NS,2020-05-05,1108.0,1122.75,1063.150024,1069.75,1069.75,405490
42,SIEMENS.NS,2020-05-06,1069.400024,1099.0,1039.5,1049.650024,1049.650024,608871
43,SIEMENS.NS,2020-05-07,1049.900024,1073.900024,1045.0,1054.800049,1054.800049,333907
44,SIEMENS.NS,2020-05-08,1064.400024,1072.25,1036.199951,1043.349976,1043.349976,315523
45,SIEMENS.NS,2020-05-11,1056.400024,1058.800049,1017.5,1030.099976,1030.099976,574333
46,SIEMENS.NS,2020-05-12,1026.099976,1035.400024,996.2999880000001,1015.25,1015.25,544630
47,SIEMENS.NS,2020-05-13,1050.0,1062.0,1025.0,1044.75,1044.75,539941
48,SIEMENS.NS,2020-05-14,1010.0,1080.0,991.2999880000001,1049.150024,1049.150024,1702538
49,SIEMENS.NS,2020-05-15,1051.400024,1089.449951,1040.050049,1082.599976,1082.599976,1225742
50,SOBHA.NS,2020-05-04,191.100006,199.949997,190.600006,190.600006,190.600006,71939
51,SOBHA.NS,2020-05-05,185.100006,189.449997,181.100006,181.100006,181.100006,309789
52,SOBHA.NS,2020-05-06,172.600006,176.300003,172.050003,172.050003,172.050003,476178
53,SOBHA.NS,2020-05-07,177.0,180.649994,173.850006,179.350006,179.350006,1070698
54,SOBHA.NS,2020-05-08,181.5,185.199997,174.5,177.5,177.5,834161
55,SOBHA.NS,2020-05-11,184.699997,186.350006,180.899994,186.350006,186.350006,366638
56,SOBHA.NS,2020-05-12,195.649994,195.649994,190.0,195.649994,195.649994,504522
57,SOBHA.NS,2020-05-13,205.399994,205.399994,205.399994,205.399994,205.399994,51610
58,SOBHA.NS,2020-05-14,215.649994,215.649994,200.550003,213.350006,213.350006,917874
59,SOBHA.NS,2020-05-15,215.0,220.0,207.5,209.5,209.5,274767
60,SOLARINDS.NS,2020-05-04,870.0,880.099976,855.0,875.650024,875.650024,16253
61,SOLARINDS.NS,2020-05-05,893.650024,893.650024,869.0499880000001,877.9500119999999,877.9500119999999,12869
62,SOLARINDS.NS,2020-05-06,894.9500119999999,894.9500119999999,862.099976,881.0499880000001,881.0499880000001,42364
63,SOLARINDS.NS,2020-05-07,865.25,879.599976,851.75,861.9500119999999,861.9500119999999,9440
64,SOLARINDS.NS,2020-05-08,869.2999880000001,879.849976,855.0,859.75,859.75,2344
65,SOLARINDS.NS,2020-05-11,859.75,877.7000119999999,859.75,875.400024,875.400024,3014
66,SOLARINDS.NS,2020-05-12,865.0499880000001,868.0,851.0499880000001,856.4500119999999,856.4500119999999,4017
67,SOLARINDS.NS,2020-05-13,887.9500119999999,925.0,870.0,887.9500119999999,887.9500119999999,8628
68,SOLARINDS.NS,2020-05-14,898.0,913.900024,860.150024,884.2000119999999,884.2000119999999,33945
69,SOLARINDS.NS,2020-05-15,888.599976,893.9500119999999,871.0,884.650024,884.650024,1185
70,SONATSOFTW.NS,2020-05-04,209.80000299999998,209.899994,202.300003,204.100006,204.100006,157193
71,SONATSOFTW.NS,2020-05-05,216.0,216.30000299999998,203.300003,203.699997,203.699997,186855
72,SONATSOFTW.NS,2020-05-06,201.300003,220.0,198.100006,211.05000299999998,211.05000299999998,560272
73,SONATSOFTW.NS,2020-05-07,212.25,223.649994,211.600006,216.80000299999998,216.80000299999998,481693
74,SONATSOFTW.NS,2020-05-08,218.0,221.0,208.550003,210.25,210.25,195156
75,SONATSOFTW.NS,2020-05-11,212.69999700000002,214.80000299999998,205.100006,207.550003,207.550003,271948
76,SONATSOFTW.NS,2020-05-12,198.899994,203.899994,195.699997,197.449997,197.449997,386326
77,SONATSOFTW.NS,2020-05-13,204.0,204.0,197.0,198.25,198.25,242905
78,SONATSOFTW.NS,2020-05-14,199.649994,199.649994,190.100006,191.199997,191.199997,221844
79,SONATSOFTW.NS,2020-05-15,192.800003,194.850006,185.0,185.5,185.5,253771
80,SOUTHBANK.NS,2020-05-04,5.85,5.9,5.65,5.7,5.7,10716522
81,SOUTHBANK.NS,2020-05-05,5.8,5.8,5.6,5.6,5.6,7127535
82,SOUTHBANK.NS,2020-05-06,5.65,5.65,5.35,5.5,5.5,12385382
83,SOUTHBANK.NS,2020-05-07,5.5,5.65,5.45,5.6,5.6,5611938
84,SOUTHBANK.NS,2020-05-08,5.65,5.7,5.5,5.55,5.55,4626063
85,SOUTHBANK.NS,2020-05-11,5.6,5.65,5.3,5.35,5.35,15627119
86,SOUTHBANK.NS,2020-05-12,5.35,5.4,5.2,5.35,5.35,6957231
87,SOUTHBANK.NS,2020-05-13,5.55,5.7,5.45,5.5,5.5,10122279
88,SOUTHBANK.NS,2020-05-14,5.5,5.55,5.4,5.5,5.5,5195504
89,SOUTHBANK.NS,2020-05-15,5.5,5.55,5.15,5.3,5.3,17570240
90,SPANDANA.NS,2020-05-04,476.700012,476.700012,476.700012,476.700012,476.700012,22446
91,SPANDANA.NS,2020-05-05,500.5,500.5,500.5,500.5,500.5,5468
92,SPANDANA.NS,2020-05-06,525.5,525.5,502.60000599999995,525.5,525.5,82616
93,SPANDANA.NS,2020-05-07,551.75,551.75,499.25,505.200012,505.200012,124825
94,SPANDANA.NS,2020-05-08,515.0,515.0,479.950012,483.049988,483.049988,28253
95,SPANDANA.NS,2020-05-11,490.0,490.0,458.89999400000005,459.5,459.5,18625
96,SPANDANA.NS,2020-05-12,450.0,450.0,436.549988,439.700012,439.700012,17019
97,SPANDANA.NS,2020-05-13,461.60000599999995,461.64999400000005,461.60000599999995,461.64999400000005,461.64999400000005,12562
98,SPANDANA.NS,2020-05-14,484.700012,484.700012,463.0,484.700012,484.700012,12357
99,SPANDANA.NS,2020-05-15,504.950012,508.0,490.0,504.60000599999995,504.60000599999995,25721
100,SPICEJET.NS,2020-05-04,42.599998,43.200001,42.599998,42.599998,42.599998,941307
101,SPICEJET.NS,2020-05-05,40.75,42.5,40.5,40.549999,40.549999,4981051
102,SPICEJET.NS,2020-05-06,41.400002,41.400002,38.700001,39.650002,39.650002,2226110
103,SPICEJET.NS,2020-05-07,40.0,41.0,39.700001,40.099998,40.099998,1244244
104,SPICEJET.NS,2020-05-08,40.799999,41.0,38.599998,38.900002,38.900002,1797892
105,SPICEJET.NS,2020-05-11,40.799999,40.799999,39.650002,40.799999,40.799999,5392982
106,SPICEJET.NS,2020-05-12,42.400002,42.799999,41.0,42.799999,42.799999,6181963
107,SPICEJET.NS,2020-05-13,44.900002,44.900002,44.900002,44.900002,44.900002,550616
108,SPICEJET.NS,2020-05-14,46.0,46.099998,43.0,43.450001,43.450001,6056219
109,SPICEJET.NS,2020-05-15,43.549999,45.599998,41.5,45.599998,45.599998,6023717
110,STARCEMENT.NS,2020-05-04,75.0,78.75,73.650002,77.349998,77.349998,45931
111,STARCEMENT.NS,2020-05-05,75.550003,78.599998,72.0,73.699997,73.699997,109209
112,STARCEMENT.NS,2020-05-06,73.699997,73.699997,72.550003,73.0,73.0,20302
113,STARCEMENT.NS,2020-05-07,73.5,73.599998,70.150002,71.550003,71.550003,34331
114,STARCEMENT.NS,2020-05-08,71.550003,72.5,69.050003,69.550003,69.550003,47191
115,STARCEMENT.NS,2020-05-11,70.0,71.300003,67.199997,68.25,68.25,137925
116,STARCEMENT.NS,2020-05-12,68.75,70.400002,66.5,69.550003,69.550003,43375
117,STARCEMENT.NS,2020-05-13,73.849998,73.849998,70.75,72.300003,72.300003,60279
118,STARCEMENT.NS,2020-05-14,72.0,72.050003,70.0,71.150002,71.150002,15858
119,STARCEMENT.NS,2020-05-15,73.5,73.800003,69.5,71.199997,71.199997,121979
120,SBIN.NS,2020-05-04,182.449997,183.5,178.0,178.850006,178.850006,58118177
121,SBIN.NS,2020-05-05,181.0,181.25,168.800003,170.399994,170.399994,91050439
122,SBIN.NS,2020-05-06,171.149994,173.300003,166.550003,171.100006,171.100006,73156432
123,SBIN.NS,2020-05-07,170.850006,172.550003,168.800003,170.75,170.75,42942399
124,SBIN.NS,2020-05-08,172.449997,173.800003,166.100006,166.649994,166.649994,55932236
125,SBIN.NS,2020-05-11,167.949997,168.899994,165.0,165.449997,165.449997,54591827
126,SBIN.NS,2020-05-12,164.199997,168.5,160.850006,166.899994,166.899994,70752542
127,SBIN.NS,2020-05-13,178.550003,178.550003,170.5,174.100006,174.100006,81720683
128,SBIN.NS,2020-05-14,170.949997,171.75,167.5,167.949997,167.949997,48136531
129,SBIN.NS,2020-05-15,167.949997,168.25,164.699997,166.399994,166.399994,35472756
130,SAIL.NS,2020-05-04,29.549999,29.700001,28.4,28.85,28.85,19496308
131,SAIL.NS,2020-05-05,29.6,29.700001,28.200001,28.4,28.4,19206540
132,SAIL.NS,2020-05-06,28.4,28.6,27.35,28.35,28.35,13068084
133,SAIL.NS,2020-05-07,28.0,28.950001,27.9,28.4,28.4,10084832
134,SAIL.NS,2020-05-08,29.049999,29.25,28.25,28.4,28.4,9909903
135,SAIL.NS,2020-05-11,28.549999,28.950001,28.25,28.4,28.4,9173149
136,SAIL.NS,2020-05-12,28.0,28.0,27.25,27.65,27.65,12003321
137,SAIL.NS,2020-05-13,29.450001,29.450001,28.299999,28.75,28.75,18992041
138,SAIL.NS,2020-05-14,28.1,28.6,27.799999,28.15,28.15,9714715
139,SAIL.NS,2020-05-15,28.25,30.200001,27.35,29.35,29.35,46554890
140,SWSOLAR.NS,2020-05-04,157.399994,157.399994,157.399994,157.399994,157.399994,15580
141,SWSOLAR.NS,2020-05-05,149.550003,149.550003,149.550003,149.550003,149.550003,7412
142,SWSOLAR.NS,2020-05-06,142.100006,142.100006,142.100006,142.100006,142.100006,6116
143,SWSOLAR.NS,2020-05-07,135.0,135.0,135.0,135.0,135.0,36970
144,SWSOLAR.NS,2020-05-08,128.25,141.75,128.25,128.25,128.25,2331599
145,SWSOLAR.NS,2020-05-11,132.399994,132.399994,122.150002,124.25,124.25,509906
146,SWSOLAR.NS,2020-05-12,121.0,124.0,118.050003,119.900002,119.900002,534429
147,SWSOLAR.NS,2020-05-13,125.0,125.0,114.5,116.949997,116.949997,288825
148,SWSOLAR.NS,2020-05-14,115.0,115.0,111.25,111.800003,111.800003,259880
149,SWSOLAR.NS,2020-05-15,111.25,117.349998,106.5,117.349998,117.349998,351939
150,STRTECH.NS,2020-05-04,88.699997,89.300003,86.849998,87.449997,87.449997,1245437
151,STRTECH.NS,2020-05-05,91.449997,91.5,88.099998,88.650002,88.650002,1189091
152,STRTECH.NS,2020-05-06,88.800003,89.699997,87.0,88.400002,88.400002,866161
153,STRTECH.NS,2020-05-07,88.949997,94.400002,87.5,93.150002,93.150002,4301217
154,STRTECH.NS,2020-05-08,95.099998,95.900002,92.349998,93.599998,93.599998,1763194
155,STRTECH.NS,2020-05-11,96.900002,97.5,94.25,95.199997,95.199997,2624293
156,STRTECH.NS,2020-05-12,95.5,98.699997,91.400002,96.800003,96.800003,5502790
157,STRTECH.NS,2020-05-13,99.900002,106.400002,96.800003,101.0,101.0,6801685
158,STRTECH.NS,2020-05-14,100.0,102.800003,97.099998,100.099998,100.099998,1884424
159,STRTECH.NS,2020-05-15,100.5,102.0,99.199997,100.150002,100.150002,1289196
160,STAR.NS,2020-05-04,429.700012,469.0,416.399994,437.700012,437.700012,2696653
161,STAR.NS,2020-05-05,447.700012,454.200012,418.0,420.75,420.75,878701
162,STAR.NS,2020-05-06,424.0,426.75,407.0,412.549988,412.549988,772749
163,STAR.NS,2020-05-07,410.0,445.0,410.0,425.39999400000005,425.39999400000005,2464940
164,STAR.NS,2020-05-08,435.0,438.14999400000005,419.299988,421.0,421.0,736021
165,STAR.NS,2020-05-11,430.0,434.89999400000005,412.600006,416.049988,416.049988,683227
166,STAR.NS,2020-05-12,418.950012,427.0,405.049988,409.5,409.5,795398
167,STAR.NS,2020-05-13,416.0,422.700012,408.0,413.350006,413.350006,580263
168,STAR.NS,2020-05-14,407.899994,431.700012,407.350006,423.049988,423.049988,1141025
169,STAR.NS,2020-05-15,425.0,429.450012,414.0,416.350006,416.350006,521989
170,SUDARSCHEM.NS,2020-05-04,404.75,413.0,395.5,402.450012,402.450012,167299
171,SUDARSCHEM.NS,2020-05-05,406.0,409.700012,380.0,382.149994,382.149994,211410
172,SUDARSCHEM.NS,2020-05-06,388.0,395.0,382.5,383.700012,383.700012,134992
173,SUDARSCHEM.NS,2020-05-07,380.0,384.75,375.0,376.350006,376.350006,111607
174,SUDARSCHEM.NS,2020-05-08,380.0,389.0,370.0,372.5,372.5,150805
175,SUDARSCHEM.NS,2020-05-11,376.5,379.899994,366.0,371.200012,371.200012,90919
176,SUDARSCHEM.NS,2020-05-12,369.950012,375.0,360.0,366.450012,366.450012,102070
177,SUDARSCHEM.NS,2020-05-13,380.0,384.0,367.600006,368.600006,368.600006,123343
178,SUDARSCHEM.NS,2020-05-14,364.0,365.5,360.0,360.399994,360.399994,83754
179,SUDARSCHEM.NS,2020-05-15,362.899994,368.0,354.0,364.75,364.75,122156
180,SPARC.NS,2020-05-04,129.0,139.800003,127.599998,134.899994,134.899994,1559148
181,SPARC.NS,2020-05-05,136.600006,138.399994,131.100006,131.949997,131.949997,873294
182,SPARC.NS,2020-05-06,133.0,134.850006,130.300003,131.399994,131.399994,452414
183,SPARC.NS,2020-05-07,132.0,138.649994,132.0,135.800003,135.800003,1302208
184,SPARC.NS,2020-05-08,137.0,137.5,133.600006,134.300003,134.300003,597251
185,SPARC.NS,2020-05-11,135.699997,135.699997,131.350006,132.149994,132.149994,342934
186,SPARC.NS,2020-05-12,132.100006,133.899994,128.800003,131.350006,131.350006,403255
187,SPARC.NS,2020-05-13,134.0,135.0,131.0,132.75,132.75,310277
188,SPARC.NS,2020-05-14,132.75,137.0,131.800003,133.449997,133.449997,899584
189,SPARC.NS,2020-05-15,133.0,134.699997,131.199997,132.0,132.0,240136
190,SUNPHARMA.NS,2020-05-04,464.450012,474.5,458.0,465.450012,465.450012,16097066
191,SUNPHARMA.NS,2020-05-05,469.799988,472.5,454.0,456.299988,456.299988,7850482
192,SUNPHARMA.NS,2020-05-06,459.60000599999995,463.0,448.0,454.39999400000005,454.39999400000005,10829910
193,SUNPHARMA.NS,2020-05-07,462.0,465.700012,450.200012,452.200012,452.200012,11216033
194,SUNPHARMA.NS,2020-05-08,460.0,471.39999400000005,454.049988,469.0,469.0,13693803
195,SUNPHARMA.NS,2020-05-11,473.700012,475.549988,461.299988,463.85000599999995,463.85000599999995,10294818
196,SUNPHARMA.NS,2020-05-12,465.0,468.799988,455.299988,463.89999400000005,463.89999400000005,9507971
197,SUNPHARMA.NS,2020-05-13,469.0,469.450012,450.200012,452.35000599999995,452.35000599999995,10010310
198,SUNPHARMA.NS,2020-05-14,453.0,462.950012,448.799988,455.950012,455.950012,11764703
199,SUNPHARMA.NS,2020-05-15,455.950012,458.89999400000005,445.549988,448.60000599999995,448.60000599999995,7860262
200,SUNTV.NS,2020-05-04,377.799988,388.0,372.600006,381.25,381.25,2295036
201,SUNTV.NS,2020-05-05,385.0,390.0,376.0,377.549988,377.549988,1444179
202,SUNTV.NS,2020-05-06,383.0,383.350006,373.600006,376.950012,376.950012,2488850
203,SUNTV.NS,2020-05-07,375.100006,389.049988,372.649994,382.25,382.25,1520185
204,SUNTV.NS,2020-05-08,387.5,411.0,375.200012,378.75,378.75,8509328
205,SUNTV.NS,2020-05-11,383.0,395.0,380.700012,392.5,392.5,2861407
206,SUNTV.NS,2020-05-12,388.799988,415.0,381.600006,408.299988,408.299988,3748008
207,SUNTV.NS,2020-05-13,415.0,415.0,390.0,391.399994,391.399994,3862926
208,SUNTV.NS,2020-05-14,389.0,394.850006,383.200012,385.549988,385.549988,1779817
209,SUNTV.NS,2020-05-15,385.700012,392.0,381.0,386.350006,386.350006,1858274
210,SUNCLAYLTD.NS,2020-05-04,1410.0,1437.949951,1390.0,1400.050049,1400.050049,1281
211,SUNCLAYLTD.NS,2020-05-05,1433.949951,1433.949951,1400.0,1403.550049,1403.550049,328
212,SUNCLAYLTD.NS,2020-05-06,1401.849976,1417.0,1392.0,1398.849976,1398.849976,373
213,SUNCLAYLTD.NS,2020-05-07,1400.150024,1419.050049,1396.849976,1405.300049,1405.300049,244
214,SUNCLAYLTD.NS,2020-05-08,1430.050049,1430.050049,1375.5,1408.150024,1408.150024,390
215,SUNCLAYLTD.NS,2020-05-11,1408.300049,1435.050049,1328.349976,1341.0,1341.0,1840
216,SUNCLAYLTD.NS,2020-05-12,1369.699951,1374.949951,1330.199951,1367.699951,1367.699951,355
217,SUNCLAYLTD.NS,2020-05-13,1390.800049,1433.900024,1380.650024,1432.699951,1432.699951,1541
218,SUNCLAYLTD.NS,2020-05-14,1390.449951,1417.949951,1390.050049,1410.349976,1410.349976,415
219,SUNCLAYLTD.NS,2020-05-15,1429.5,1433.5,1350.0,1371.949951,1371.949951,1139
220,SUNDARMFIN.NS,2020-05-04,1233.0,1291.099976,1218.150024,1251.400024,1251.400024,28219
221,SUNDARMFIN.NS,2020-05-05,1251.400024,1271.349976,1229.0,1229.900024,1229.900024,21591
222,SUNDARMFIN.NS,2020-05-06,1248.900024,1276.699951,1225.849976,1230.849976,1230.849976,47838
223,SUNDARMFIN.NS,2020-05-07,1235.449951,1253.949951,1207.300049,1221.599976,1221.599976,69160
224,SUNDARMFIN.NS,2020-05-08,1239.949951,1252.150024,1230.300049,1241.800049,1241.800049,30909
225,SUNDARMFIN.NS,2020-05-11,1230.0,1249.800049,1201.5,1219.849976,1219.849976,119264
226,SUNDARMFIN.NS,2020-05-12,1203.050049,1221.199951,1182.0,1215.25,1215.25,496518
227,SUNDARMFIN.NS,2020-05-13,1235.0,1249.949951,1194.949951,1204.099976,1204.099976,214984
228,SUNDARMFIN.NS,2020-05-14,1209.0,1223.699951,1195.300049,1204.0,1204.0,100151
229,SUNDARMFIN.NS,2020-05-15,1224.0,1224.0,1195.300049,1203.650024,1203.650024,35581
230,SUNDRMFAST.NS,2020-05-04,320.0,320.0,295.5,297.0,297.0,182360
231,SUNDRMFAST.NS,2020-05-05,302.899994,306.0,290.049988,298.549988,298.549988,106444
232,SUNDRMFAST.NS,2020-05-06,302.799988,317.350006,291.0,306.25,306.25,111933
233,SUNDRMFAST.NS,2020-05-07,311.0,319.0,310.0,316.299988,316.299988,120053
234,SUNDRMFAST.NS,2020-05-08,318.0,321.799988,308.700012,312.049988,312.049988,52988
235,SUNDRMFAST.NS,2020-05-11,313.0,316.950012,302.0,304.049988,304.049988,54106
236,SUNDRMFAST.NS,2020-05-12,302.049988,306.75,293.5,295.75,295.75,46021
237,SUNDRMFAST.NS,2020-05-13,305.0,314.0,301.649994,307.799988,307.799988,75976
238,SUNDRMFAST.NS,2020-05-14,302.049988,307.649994,292.0,292.850006,292.850006,93344
239,SUNDRMFAST.NS,2020-05-15,292.850006,299.0,291.100006,297.700012,297.700012,37784
240,SUNTECK.NS,2020-05-04,203.800003,203.800003,183.5,185.350006,185.350006,321819
241,SUNTECK.NS,2020-05-05,186.5,188.899994,178.350006,179.649994,179.649994,165152
242,SUNTECK.NS,2020-05-06,180.0,185.0,168.100006,169.800003,169.800003,211893
243,SUNTECK.NS,2020-05-07,166.5,170.0,158.800003,160.649994,160.649994,416737
244,SUNTECK.NS,2020-05-08,161.100006,166.0,152.100006,154.149994,154.149994,406496
245,SUNTECK.NS,2020-05-11,158.0,166.0,153.550003,162.300003,162.300003,294881
246,SUNTECK.NS,2020-05-12,158.75,168.0,156.0,165.600006,165.600006,247262
247,SUNTECK.NS,2020-05-13,174.899994,177.0,167.0,172.350006,172.350006,300348
248,SUNTECK.NS,2020-05-14,169.899994,172.25,162.0,165.050003,165.050003,202913
249,SUNTECK.NS,2020-05-15,166.050003,176.0,161.5,164.25,164.25,300059
250,SUPRAJIT.NS,2020-05-04,122.0,122.0,114.599998,115.099998,115.099998,94578
251,SUPRAJIT.NS,2020-05-05,115.900002,117.449997,114.449997,114.949997,114.949997,37774
252,SUPRAJIT.NS,2020-05-06,114.199997,115.25,112.199997,114.349998,114.349998,90222
253,SUPRAJIT.NS,2020-05-07,114.099998,114.5,112.650002,113.099998,113.099998,34562
254,SUPRAJIT.NS,2020-05-08,113.900002,115.0,112.0,112.349998,112.349998,29390
255,SUPRAJIT.NS,2020-05-11,112.349998,114.449997,111.300003,113.449997,113.449997,73345
256,SUPRAJIT.NS,2020-05-12,113.0,115.599998,111.300003,114.800003,114.800003,40773
257,SUPRAJIT.NS,2020-05-13,118.0,121.0,115.550003,120.050003,120.050003,204327
258,SUPRAJIT.NS,2020-05-14,119.900002,120.300003,115.199997,116.050003,116.050003,43675
259,SUPRAJIT.NS,2020-05-15,118.0,118.0,114.25,115.199997,115.199997,66155
260,SUPREMEIND.NS,2020-05-04,1060.0,1079.75,964.0,990.75,990.75,127056
261,SUPREMEIND.NS,2020-05-05,989.75,1007.9500119999999,972.650024,995.2000119999999,995.2000119999999,253223
262,SUPREMEIND.NS,2020-05-06,1008.7999880000001,1008.7999880000001,980.0,985.25,985.25,22087
263,SUPREMEIND.NS,2020-05-07,990.0,1020.75,986.099976,1002.849976,1002.849976,28285
264,SUPREMEIND.NS,2020-05-08,1009.75,1018.2000119999999,960.0,978.099976,978.099976,15089
265,SUPREMEIND.NS,2020-05-11,1000.900024,1000.900024,966.2999880000001,973.5,973.5,34110
266,SUPREMEIND.NS,2020-05-12,966.5,970.0,915.0499880000001,931.7000119999999,931.7000119999999,90971
267,SUPREMEIND.NS,2020-05-13,969.900024,979.849976,921.75,931.9500119999999,931.9500119999999,46942
268,SUPREMEIND.NS,2020-05-14,930.0,935.9500119999999,900.0,900.849976,900.849976,80794
269,SUPREMEIND.NS,2020-05-15,916.0,916.900024,892.0,909.25,909.25,34721
270,SUZLON.NS,2020-05-04,2.55,2.6,2.5,2.5,2.5,8917716
271,SUZLON.NS,2020-05-05,2.55,2.55,2.45,2.45,2.45,5304003
272,SUZLON.NS,2020-05-06,2.45,2.5,2.35,2.35,2.35,9542175
273,SUZLON.NS,2020-05-07,2.35,2.45,2.3,2.45,2.45,7140587
274,SUZLON.NS,2020-05-08,2.55,2.55,2.55,2.55,2.55,1924408
275,SUZLON.NS,2020-05-11,2.65,2.65,2.45,2.6,2.6,22506648
276,SUZLON.NS,2020-05-12,2.6,2.65,2.5,2.55,2.55,5248114
277,SUZLON.NS,2020-05-13,2.6,2.6,2.55,2.6,2.6,5240820
278,SUZLON.NS,2020-05-14,2.6,2.65,2.55,2.65,2.65,6085409
279,SUZLON.NS,2020-05-15,2.65,2.65,2.55,2.6,2.6,7368729
280,SWANENERGY.NS,2020-05-04,99.949997,113.400002,99.949997,103.550003,103.550003,213120
281,SWANENERGY.NS,2020-05-05,106.800003,108.75,101.75,103.300003,103.300003,151596
282,SWANENERGY.NS,2020-05-06,103.0,105.900002,100.400002,101.900002,101.900002,117091
283,SWANENERGY.NS,2020-05-07,103.5,104.25,101.300003,102.25,102.25,68275
284,SWANENERGY.NS,2020-05-08,102.800003,104.800003,100.0,100.099998,100.099998,121907
285,SWANENERGY.NS,2020-05-11,101.300003,101.349998,99.650002,100.050003,100.050003,78599
286,SWANENERGY.NS,2020-05-12,100.0,101.75,99.5,100.400002,100.400002,91315
287,SWANENERGY.NS,2020-05-13,101.0,102.400002,100.300003,100.599998,100.599998,63212
288,SWANENERGY.NS,2020-05-14,101.0,109.0,90.0,100.800003,100.800003,75152
289,SWANENERGY.NS,2020-05-15,102.0,102.25,100.5,100.550003,100.550003,57079
290,SYMPHONY.NS,2020-05-04,900.0,900.0,864.0499880000001,871.099976,871.099976,35229
291,SYMPHONY.NS,2020-05-05,878.0,918.75,852.2000119999999,863.599976,863.599976,48153
292,SYMPHONY.NS,2020-05-06,863.599976,873.4500119999999,838.5,839.5499880000001,839.5499880000001,38522
293,SYMPHONY.NS,2020-05-07,850.0,870.0,838.0,844.4500119999999,844.4500119999999,29133
294,SYMPHONY.NS,2020-05-08,850.0,859.9500119999999,825.0,827.650024,827.650024,18651
295,SYMPHONY.NS,2020-05-11,828.0,845.0,825.0,828.950012,828.950012,12373
296,SYMPHONY.NS,2020-05-12,833.900024,839.75,824.950012,832.700012,832.700012,14594
297,SYMPHONY.NS,2020-05-13,855.0,859.7999880000001,833.0,836.150024,836.150024,17230
298,SYMPHONY.NS,2020-05-14,835.0,839.0,820.0,823.650024,823.650024,13073
299,SYMPHONY.NS,2020-05-15,824.0,835.0,800.0,804.75,804.75,25063
300,SYNGENE.NS,2020-05-04,320.0,330.0,308.950012,319.850006,319.850006,568621
301,SYNGENE.NS,2020-05-05,325.5,325.850006,314.0,314.899994,314.899994,139478
302,SYNGENE.NS,2020-05-06,315.5,319.899994,310.0,312.600006,312.600006,158756
303,SYNGENE.NS,2020-05-07,311.850006,325.0,311.799988,317.350006,317.350006,202476
304,SYNGENE.NS,2020-05-08,318.100006,321.200012,312.5,315.549988,315.549988,157599
305,SYNGENE.NS,2020-05-11,321.0,324.25,316.0,317.549988,317.549988,319456
306,SYNGENE.NS,2020-05-12,318.0,325.0,311.25,319.649994,319.649994,473342
307,SYNGENE.NS,2020-05-13,333.0,333.0,316.799988,326.0,326.0,488971
308,SYNGENE.NS,2020-05-14,328.799988,342.899994,326.0,339.450012,339.450012,650284
309,SYNGENE.NS,2020-05-15,342.100006,347.149994,332.450012,338.200012,338.200012,419705
310,TCIEXP.NS,2020-05-04,677.549988,739.5,677.549988,710.799988,710.799988,62835
311,TCIEXP.NS,2020-05-05,708.0,734.950012,706.5,712.349976,712.349976,34503
312,TCIEXP.NS,2020-05-06,713.5,714.900024,692.049988,700.099976,700.099976,24320
313,TCIEXP.NS,2020-05-07,698.0,728.5,692.5,701.549988,701.549988,16766
314,TCIEXP.NS,2020-05-08,715.0,715.0,672.0,688.25,688.25,52631
315,TCIEXP.NS,2020-05-11,685.849976,685.849976,600.0,606.549988,606.549988,160620
316,TCIEXP.NS,2020-05-12,608.0,636.049988,608.0,615.75,615.75,85903
317,TCIEXP.NS,2020-05-13,638.0,639.0,615.049988,619.799988,619.799988,67163
318,TCIEXP.NS,2020-05-14,616.0,618.0,605.700012,613.099976,613.099976,25110
319,TCIEXP.NS,2020-05-15,615.0,619.950012,600.049988,603.099976,603.099976,14817
320,TCNSBRANDS.NS,2020-05-04,390.0,394.299988,375.149994,380.149994,380.149994,5689
321,TCNSBRANDS.NS,2020-05-05,380.149994,392.100006,377.899994,380.450012,380.450012,3499
322,TCNSBRANDS.NS,2020-05-06,380.049988,388.950012,371.25,376.549988,376.549988,4837
323,TCNSBRANDS.NS,2020-05-07,385.0,385.0,367.0,370.399994,370.399994,3483
324,TCNSBRANDS.NS,2020-05-08,380.299988,380.299988,366.049988,375.700012,375.700012,6514
325,TCNSBRANDS.NS,2020-05-11,379.950012,380.0,372.5,376.700012,376.700012,992
326,TCNSBRANDS.NS,2020-05-12,377.700012,390.450012,367.899994,373.350006,373.350006,263702
327,TCNSBRANDS.NS,2020-05-13,388.0,388.0,370.5,374.950012,374.950012,2518
328,TCNSBRANDS.NS,2020-05-14,374.899994,388.0,370.0,377.700012,377.700012,5240
329,TCNSBRANDS.NS,2020-05-15,383.0,383.0,355.25,363.25,363.25,6356
330,TTKPRESTIG.NS,2020-05-04,4785.0,4785.0,4570.0,4645.649902,4645.649902,8199
331,TTKPRESTIG.NS,2020-05-05,4650.149902,4705.600098,4640.0,4661.350098,4661.350098,2557
332,TTKPRESTIG.NS,2020-05-06,4769.950195,4769.950195,4601.200195,4665.149902,4665.149902,8216
333,TTKPRESTIG.NS,2020-05-07,4612.0,4700.0,4612.0,4635.399902,4635.399902,1043
334,TTKPRESTIG.NS,2020-05-08,4698.799805,4698.799805,4610.0,4638.5,4638.5,1614
335,TTKPRESTIG.NS,2020-05-11,4661.700195,4888.799805,4650.100098,4763.600098,4763.600098,5224
336,TTKPRESTIG.NS,2020-05-12,4790.0,4800.0,4702.549805,4734.350098,4734.350098,2307
337,TTKPRESTIG.NS,2020-05-13,4879.0,4879.0,4753.100098,4810.5,4810.5,6326
338,TTKPRESTIG.NS,2020-05-14,4801.100098,4842.950195,4762.850098,4807.700195,4807.700195,3351
339,TTKPRESTIG.NS,2020-05-15,4824.850098,4840.600098,4776.649902,4804.549805,4804.549805,1714
340,TVTODAY.NS,2020-05-04,194.899994,194.899994,186.199997,187.800003,187.800003,19637
341,TVTODAY.NS,2020-05-05,191.5,191.800003,183.5,184.600006,184.600006,17548
342,TVTODAY.NS,2020-05-06,186.0,186.0,180.149994,181.449997,181.449997,11329
343,TVTODAY.NS,2020-05-07,183.75,185.5,180.100006,183.850006,183.850006,13283
344,TVTODAY.NS,2020-05-08,187.0,190.0,182.0,183.350006,183.350006,22175
345,TVTODAY.NS,2020-05-11,186.0,187.0,180.899994,183.800003,183.800003,21420
346,TVTODAY.NS,2020-05-12,183.949997,187.699997,180.199997,183.850006,183.850006,36300
347,TVTODAY.NS,2020-05-13,191.699997,191.699997,182.100006,182.75,182.75,41564
348,TVTODAY.NS,2020-05-14,182.699997,184.0,174.0,175.25,175.25,183837
349,TVTODAY.NS,2020-05-15,179.800003,180.0,174.699997,175.149994,175.149994,80606
350,TV18BRDCST.NS,2020-05-04,19.0,19.5,18.549999,18.700001,18.700001,1742865
351,TV18BRDCST.NS,2020-05-05,18.9,19.200001,18.450001,18.5,18.5,1797383
352,TV18BRDCST.NS,2020-05-06,18.4,18.85,18.0,18.049999,18.049999,1626786
353,TV18BRDCST.NS,2020-05-07,18.1,18.5,18.049999,18.25,18.25,1208725
354,TV18BRDCST.NS,2020-05-08,18.9,20.299999,18.75,19.6,19.6,7520454
355,TV18BRDCST.NS,2020-05-11,20.5,21.35,19.9,21.049999,21.049999,7664469
356,TV18BRDCST.NS,2020-05-12,21.450001,23.700001,20.75,22.950001,22.950001,21514477
357,TV18BRDCST.NS,2020-05-13,24.25,24.25,22.65,22.9,22.9,6723319
358,TV18BRDCST.NS,2020-05-14,22.5,22.6,21.549999,21.700001,21.700001,3530147
359,TV18BRDCST.NS,2020-05-15,21.6,21.9,21.049999,21.5,21.5,2525788
360,TVSMOTOR.NS,2020-05-04,307.0,312.799988,304.100006,310.450012,310.450012,2608605
361,TVSMOTOR.NS,2020-05-05,315.0,321.899994,306.0,308.350006,308.350006,2536044
362,TVSMOTOR.NS,2020-05-06,303.0,330.0,301.549988,323.399994,323.399994,5164142
363,TVSMOTOR.NS,2020-05-07,321.0,328.899994,316.299988,320.75,320.75,3475639
364,TVSMOTOR.NS,2020-05-08,324.0,326.700012,310.100006,313.450012,313.450012,2425590
365,TVSMOTOR.NS,2020-05-11,319.299988,341.399994,315.0,333.799988,333.799988,6946543
366,TVSMOTOR.NS,2020-05-12,329.0,344.5,321.5,338.149994,338.149994,4095396
367,TVSMOTOR.NS,2020-05-13,348.899994,360.0,342.049988,344.899994,344.899994,4259118
368,TVSMOTOR.NS,2020-05-14,335.0,351.5,334.950012,342.350006,342.350006,3315226
369,TVSMOTOR.NS,2020-05-15,343.549988,346.0,333.600006,336.100006,336.100006,2132413
370,TAKE.NS,2020-05-04,57.0,58.0,55.25,55.25,55.25,81455
371,TAKE.NS,2020-05-05,56.5,56.799999,52.900002,53.650002,53.650002,55081
372,TAKE.NS,2020-05-06,54.450001,54.450001,51.099998,51.549999,51.549999,79563
373,TAKE.NS,2020-05-07,52.349998,52.75,50.0,51.849998,51.849998,38550
374,TAKE.NS,2020-05-08,53.75,54.400002,52.0,53.650002,53.650002,54652
375,TAKE.NS,2020-05-11,54.549999,56.299999,52.5,55.0,55.0,64676
376,TAKE.NS,2020-05-12,55.5,56.900002,52.25,53.599998,53.599998,57518
377,TAKE.NS,2020-05-13,55.400002,55.900002,54.049999,55.150002,55.150002,66328
378,TAKE.NS,2020-05-14,55.349998,57.0,54.0,54.299999,54.299999,38765
379,TAKE.NS,2020-05-15,55.349998,55.349998,53.0,54.200001,54.200001,28431
380,TASTYBITE.NS,2020-05-04,10350.0,10400.0,10001.0,10144.299805,10144.299805,1076
381,TASTYBITE.NS,2020-05-05,10400.0,10450.0,9875.0,9938.049805,9938.049805,920
382,TASTYBITE.NS,2020-05-06,9945.0,10651.0,9945.0,10182.5,10182.5,956
383,TASTYBITE.NS,2020-05-07,10270.0,10296.400391,9971.549805,10004.900391,10004.900391,1461
384,TASTYBITE.NS,2020-05-08,10040.0,10150.0,9787.299805,9848.200195,9848.200195,1411
385,TASTYBITE.NS,2020-05-11,10070.0,10100.200195,9850.0,9942.5,9942.5,1292
386,TASTYBITE.NS,2020-05-12,10001.299805,10001.299805,9600.0,9816.599609,9816.599609,1694
387,TASTYBITE.NS,2020-05-13,10199.799805,10199.799805,9821.0,9859.400391,9859.400391,1885
388,TASTYBITE.NS,2020-05-14,9799.950195,10050.0,9725.0,9957.200195,9957.200195,1261
389,TASTYBITE.NS,2020-05-15,9941.0,9990.0,9604.049805,9950.349609,9950.349609,2078
390,TCS.NS,2020-05-04,1966.0,1966.0,1913.6500239999998,1930.449951,1930.449951,3729348
391,TCS.NS,2020-05-05,1955.0999760000002,1977.0,1927.0,1932.75,1932.75,2905528
392,TCS.NS,2020-05-06,1939.800049,1953.699951,1893.5999760000002,1903.5999760000002,1903.5999760000002,3517431
393,TCS.NS,2020-05-07,1910.0,1934.449951,1883.3499760000002,1891.6500239999998,1891.6500239999998,3166754
394,TCS.NS,2020-05-08,1939.0999760000002,1939.5,1886.25,1893.4000239999998,1893.4000239999998,2686530
395,TCS.NS,2020-05-11,1909.0,1951.4000239999998,1909.0,1935.300049,1935.300049,2449841
396,TCS.NS,2020-05-12,1933.4000239999998,1956.5,1910.25,1949.5,1949.5,3256595
397,TCS.NS,2020-05-13,1994.0,1994.0,1925.6500239999998,1949.6500239999998,1949.6500239999998,2656665
398,TCS.NS,2020-05-14,1910.0,1923.0999760000002,1891.0999760000002,1902.3499760000002,1902.3499760000002,2263146
399,TCS.NS,2020-05-15,1916.0,1917.4000239999998,1865.199951,1892.9000239999998,1892.9000239999998,3173499
400,TATACONSUM.NS,2020-05-04,340.0,347.200012,333.0,334.950012,334.950012,3385449
401,TATACONSUM.NS,2020-05-05,339.0,342.899994,327.850006,329.5,329.5,2833246
402,TATACONSUM.NS,2020-05-06,331.450012,341.200012,325.649994,335.549988,335.549988,3642687
403,TATACONSUM.NS,2020-05-07,335.950012,344.600006,328.799988,341.299988,341.299988,3605449
404,TATACONSUM.NS,2020-05-08,347.0,355.5,344.100006,348.75,348.75,3247800
405,TATACONSUM.NS,2020-05-11,353.850006,365.0,349.049988,355.0,355.0,4792044
406,TATACONSUM.NS,2020-05-12,354.450012,363.299988,346.649994,358.700012,358.700012,3257800
407,TATACONSUM.NS,2020-05-13,375.0,375.0,348.5,356.350006,356.350006,8536848
408,TATACONSUM.NS,2020-05-14,350.0,364.5,350.0,362.799988,362.799988,5120801
409,TATACONSUM.NS,2020-05-15,353.100006,367.75,349.100006,352.200012,352.200012,9452258
410,TATAELXSI.NS,2020-05-04,780.0,788.549988,762.200012,768.099976,768.099976,309534
411,TATAELXSI.NS,2020-05-05,779.0,795.200012,765.049988,771.049988,771.049988,290754
412,TATAELXSI.NS,2020-05-06,779.0,779.0,755.0,765.25,765.25,281314
413,TATAELXSI.NS,2020-05-07,760.0,797.900024,760.0,789.549988,789.549988,469752
414,TATAELXSI.NS,2020-05-08,800.0,818.799988,752.200012,771.5,771.5,775101
415,TATAELXSI.NS,2020-05-11,780.0,793.0,770.049988,776.75,776.75,212308
416,TATAELXSI.NS,2020-05-12,778.0,805.0,762.650024,785.150024,785.150024,254500
417,TATAELXSI.NS,2020-05-13,815.0,815.0,772.0,783.650024,783.650024,542549
418,TATAELXSI.NS,2020-05-14,780.0,782.900024,759.0,771.950012,771.950012,236606
419,TATAELXSI.NS,2020-05-15,779.799988,788.400024,746.0,777.849976,777.849976,556735
420,TATAINVEST.NS,2020-05-04,728.0,728.549988,709.0,710.900024,710.900024,18342
421,TATAINVEST.NS,2020-05-05,711.049988,720.450012,691.049988,693.950012,693.950012,19903
422,TATAINVEST.NS,2020-05-06,703.0,717.0,686.150024,700.25,700.25,20789
423,TATAINVEST.NS,2020-05-07,701.0,712.5,693.0,695.049988,695.049988,6164
424,TATAINVEST.NS,2020-05-08,702.0,708.849976,681.0,687.400024,687.400024,10424
425,TATAINVEST.NS,2020-05-11,690.049988,703.0,687.0,688.75,688.75,6860
426,TATAINVEST.NS,2020-05-12,690.0,693.549988,675.049988,687.150024,687.150024,10933
427,TATAINVEST.NS,2020-05-13,702.0,707.75,695.0,695.900024,695.900024,12589
428,TATAINVEST.NS,2020-05-14,692.5,694.450012,676.25,679.650024,679.650024,13049
429,TATAINVEST.NS,2020-05-15,680.099976,686.049988,676.099976,678.849976,678.849976,6036
430,TATAMTRDVR.NS,2020-05-04,37.0,37.5,35.549999,36.0,36.0,3955475
431,TATAMTRDVR.NS,2020-05-05,36.900002,36.950001,34.599998,34.75,34.75,3579896
432,TATAMTRDVR.NS,2020-05-06,35.299999,36.150002,34.25,35.5,35.5,3139154
433,TATAMTRDVR.NS,2020-05-07,35.450001,35.849998,35.0,35.450001,35.450001,1368663
434,TATAMTRDVR.NS,2020-05-08,36.049999,36.25,34.799999,34.950001,34.950001,1646450
435,TATAMTRDVR.NS,2020-05-11,35.049999,38.200001,34.849998,35.950001,35.950001,14570142
436,TATAMTRDVR.NS,2020-05-12,35.5,36.400002,34.799999,36.0,36.0,2910341
437,TATAMTRDVR.NS,2020-05-13,37.849998,38.400002,36.0,36.349998,36.349998,5624230
438,TATAMTRDVR.NS,2020-05-14,35.5,36.150002,34.5,35.299999,35.299999,4562418
439,TATAMTRDVR.NS,2020-05-15,35.599998,35.700001,35.0,35.299999,35.299999,2053221
440,TATAMOTORS.NS,2020-05-04,87.0,87.199997,81.5,83.900002,83.900002,91159477
441,TATAMOTORS.NS,2020-05-05,86.0,86.800003,80.400002,80.900002,80.900002,57122148
442,TATAMOTORS.NS,2020-05-06,81.550003,83.949997,80.349998,83.199997,83.199997,53739248
443,TATAMOTORS.NS,2020-05-07,82.900002,84.650002,82.099998,82.5,82.5,31159970
444,TATAMOTORS.NS,2020-05-08,84.5,84.949997,80.550003,81.050003,81.050003,35362751
445,TATAMOTORS.NS,2020-05-11,81.449997,90.650002,81.400002,86.099998,86.099998,152588401
446,TATAMOTORS.NS,2020-05-12,85.949997,87.699997,83.5,86.199997,86.199997,77551590
447,TATAMOTORS.NS,2020-05-13,92.5,92.5,86.25,87.199997,87.199997,68086031
448,TATAMOTORS.NS,2020-05-14,83.949997,85.300003,82.550003,83.800003,83.800003,46340453
449,TATAMOTORS.NS,2020-05-15,84.699997,85.349998,82.800003,84.349998,84.349998,38569277
450,TATAPOWER.NS,2020-05-04,31.5,31.5,30.0,30.1,30.1,15845975
451,TATAPOWER.NS,2020-05-05,30.85,31.5,30.35,30.5,30.5,11702153
452,TATAPOWER.NS,2020-05-06,30.75,30.75,28.85,29.0,29.0,31848464
453,TATAPOWER.NS,2020-05-07,29.1,29.450001,28.799999,29.0,29.0,13470518
454,TATAPOWER.NS,2020-05-08,29.799999,29.799999,27.65,28.5,28.5,20376200
455,TATAPOWER.NS,2020-05-11,29.0,29.0,27.15,27.299999,27.299999,36502236
456,TATAPOWER.NS,2020-05-12,27.25,28.6,27.0,28.4,28.4,27226330
457,TATAPOWER.NS,2020-05-13,30.0,31.0,28.85,30.299999,30.299999,53613887
458,TATAPOWER.NS,2020-05-14,31.0,33.200001,30.5,30.9,30.9,69089712
459,TATAPOWER.NS,2020-05-15,31.0,31.799999,29.75,31.4,31.4,36934915
460,TATASTLBSL.NS,2020-05-04,17.65,17.65,16.549999,16.700001,16.700001,2323749
461,TATASTLBSL.NS,2020-05-05,17.4,17.4,16.65,16.75,16.75,1566768
462,TATASTLBSL.NS,2020-05-06,17.0,17.25,16.75,17.049999,17.049999,847404
463,TATASTLBSL.NS,2020-05-07,17.049999,17.4,16.9,17.0,17.0,792978
464,TATASTLBSL.NS,2020-05-08,17.25,17.5,16.65,16.799999,16.799999,1129617
465,TATASTLBSL.NS,2020-05-11,16.85,17.4,16.799999,16.85,16.85,2765353
466,TATASTLBSL.NS,2020-05-12,16.85,16.9,16.1,16.75,16.75,1821032
467,TATASTLBSL.NS,2020-05-13,17.549999,17.65,16.75,16.950001,16.950001,2244231
468,TATASTLBSL.NS,2020-05-14,16.85,16.9,16.35,16.5,16.5,1654503
469,TATASTLBSL.NS,2020-05-15,16.75,16.950001,16.4,16.700001,16.700001,1451949
470,TATASTEEL.NS,2020-05-04,285.0,286.149994,270.100006,273.600006,273.600006,12891459
471,TATASTEEL.NS,2020-05-05,279.0,282.399994,271.0,272.649994,272.649994,12182330
472,TATASTEEL.NS,2020-05-06,274.100006,280.450012,272.049988,277.75,277.75,9507731
473,TATASTEEL.NS,2020-05-07,275.450012,282.850006,274.649994,275.850006,275.850006,8958376
474,TATASTEEL.NS,2020-05-08,282.799988,284.0,272.0,272.899994,272.899994,9877755
475,TATASTEEL.NS,2020-05-11,275.549988,283.0,275.0,276.200012,276.200012,10907408
476,TATASTEEL.NS,2020-05-12,273.299988,276.799988,264.5,273.950012,273.950012,15040297
477,TATASTEEL.NS,2020-05-13,287.5,288.0,273.5,276.549988,276.549988,14723116
478,TATASTEEL.NS,2020-05-14,272.0,275.200012,267.299988,268.549988,268.549988,10796902
479,TATASTEEL.NS,2020-05-15,270.0,276.799988,268.799988,273.450012,273.450012,14976081
480,TEAMLEASE.NS,2020-05-04,1565.0,1623.949951,1530.0,1602.699951,1602.699951,10171
481,TEAMLEASE.NS,2020-05-05,1602.0,1624.25,1562.0,1588.800049,1588.800049,24275
482,TEAMLEASE.NS,2020-05-06,1552.0,1581.0,1550.0,1559.5,1559.5,1587
483,TEAMLEASE.NS,2020-05-07,1560.0,1595.0,1560.0,1564.300049,1564.300049,1173
484,TEAMLEASE.NS,2020-05-08,1579.949951,1582.650024,1551.0,1559.599976,1559.599976,1043
485,TEAMLEASE.NS,2020-05-11,1580.0,1580.0,1535.050049,1539.150024,1539.150024,1713
486,TEAMLEASE.NS,2020-05-12,1551.0,1551.0,1501.599976,1507.099976,1507.099976,2840
487,TEAMLEASE.NS,2020-05-13,1550.0,1588.0,1490.0,1495.75,1495.75,28367
488,TEAMLEASE.NS,2020-05-14,1490.0,1549.949951,1459.400024,1486.599976,1486.599976,6701
489,TEAMLEASE.NS,2020-05-15,1486.599976,1504.699951,1474.550049,1480.599976,1480.599976,2642
490,TECHM.NS,2020-05-04,515.0,519.75,498.0,502.450012,502.450012,14814506
491,TECHM.NS,2020-05-05,506.0,514.0,498.200012,499.950012,499.950012,5717678
492,TECHM.NS,2020-05-06,503.75,509.10000599999995,490.0,506.85000599999995,506.85000599999995,3781531
493,TECHM.NS,2020-05-07,508.0,525.849976,506.35000599999995,516.349976,516.349976,6799899
494,TECHM.NS,2020-05-08,526.900024,538.599976,519.200012,536.200012,536.200012,6016020
495,TECHM.NS,2020-05-11,541.5,543.799988,527.200012,530.200012,530.200012,4272574
496,TECHM.NS,2020-05-12,525.0,539.5,525.0,533.25,533.25,5691969
497,TECHM.NS,2020-05-13,542.0,549.75,531.400024,544.75,544.75,3296409
498,TECHM.NS,2020-05-14,532.400024,535.0,513.950012,515.700012,515.700012,6148398
499,TECHM.NS,2020-05-15,520.0,520.0,507.39999400000005,510.549988,510.549988,3628201
500,TECHNOE.NS,2020-05-04,205.0,205.0,193.600006,197.949997,197.949997,3448
501,TECHNOE.NS,2020-05-05,198.25,201.800003,196.350006,199.100006,199.100006,1433
502,TECHNOE.NS,2020-05-06,199.050003,200.050003,191.449997,200.0,200.0,3339
503,TECHNOE.NS,2020-05-07,199.75,199.949997,196.0,198.350006,198.350006,1391
504,TECHNOE.NS,2020-05-08,200.449997,200.449997,197.0,199.0,199.0,3827
505,TECHNOE.NS,2020-05-11,199.899994,204.850006,198.149994,198.850006,198.850006,1206
506,TECHNOE.NS,2020-05-12,198.949997,200.699997,192.5,198.300003,198.300003,8961
507,TECHNOE.NS,2020-05-13,196.699997,200.899994,192.0,198.800003,198.800003,12893
508,TECHNOE.NS,2020-05-14,199.399994,201.0,196.050003,198.0,198.0,3943
509,TECHNOE.NS,2020-05-15,199.850006,219.0,190.600006,195.800003,195.800003,56108
510,NIACL.NS,2020-05-04,116.0,116.0,112.0,113.650002,113.650002,188023
511,NIACL.NS,2020-05-05,114.25,127.400002,114.25,124.949997,124.949997,1429616
512,NIACL.NS,2020-05-06,122.900002,130.0,120.550003,125.099998,125.099998,919569
513,NIACL.NS,2020-05-07,124.0,126.5,120.0,120.550003,120.550003,190485
514,NIACL.NS,2020-05-08,122.25,124.300003,116.099998,117.449997,117.449997,189830
515,NIACL.NS,2020-05-11,119.199997,120.800003,118.050003,119.099998,119.099998,100337
516,NIACL.NS,2020-05-12,119.900002,124.900002,114.849998,119.800003,119.800003,202252
517,NIACL.NS,2020-05-13,123.0,124.0,119.400002,120.150002,120.150002,138848
518,NIACL.NS,2020-05-14,119.0,121.0,115.699997,116.699997,116.699997,150288
519,NIACL.NS,2020-05-15,117.300003,122.099998,116.099998,120.849998,120.849998,217086
520,RAMCOCEM.NS,2020-05-04,549.700012,549.700012,504.450012,514.049988,514.049988,1013997
521,RAMCOCEM.NS,2020-05-05,514.700012,533.900024,503.10000599999995,505.950012,505.950012,1035069
522,RAMCOCEM.NS,2020-05-06,515.0,536.299988,502.10000599999995,530.0,530.0,1095416
523,RAMCOCEM.NS,2020-05-07,529.0,540.200012,520.549988,526.549988,526.549988,402998
524,RAMCOCEM.NS,2020-05-08,530.900024,538.900024,514.25,518.200012,518.200012,712212
525,RAMCOCEM.NS,2020-05-11,525.0,541.700012,525.0,530.25,530.25,577169
526,RAMCOCEM.NS,2020-05-12,528.049988,528.849976,509.85000599999995,521.25,521.25,1210435
527,RAMCOCEM.NS,2020-05-13,544.799988,560.0,532.450012,555.200012,555.200012,1352845
528,RAMCOCEM.NS,2020-05-14,555.0,567.0,543.0,549.0,549.0,1385467
529,RAMCOCEM.NS,2020-05-15,554.0,580.0,551.5,575.25,575.25,1570434
530,THERMAX.NS,2020-05-04,706.0,722.25,700.0,701.549988,701.549988,39749
531,THERMAX.NS,2020-05-05,719.950012,727.0,696.75,700.200012,700.200012,26272
532,THERMAX.NS,2020-05-06,709.0,718.200012,700.75,713.849976,713.849976,66527
533,THERMAX.NS,2020-05-07,713.849976,724.400024,700.0,701.75,701.75,16013
534,THERMAX.NS,2020-05-08,704.0,713.599976,699.099976,700.200012,700.200012,13270
535,THERMAX.NS,2020-05-11,708.950012,709.900024,700.049988,701.849976,701.849976,15917
536,THERMAX.NS,2020-05-12,702.0,704.75,700.0,702.599976,702.599976,376856
537,THERMAX.NS,2020-05-13,730.0,730.0,701.049988,703.549988,703.549988,24766
538,THERMAX.NS,2020-05-14,701.0,709.799988,700.0,700.049988,700.049988,19902
539,THERMAX.NS,2020-05-15,700.049988,705.0,700.0,700.299988,700.299988,16270
540,THYROCARE.NS,2020-05-04,501.549988,505.950012,482.0,495.200012,495.200012,116868
541,THYROCARE.NS,2020-05-05,500.0,506.299988,494.200012,500.049988,500.049988,162672
542,THYROCARE.NS,2020-05-06,502.950012,509.60000599999995,500.0,504.700012,504.700012,32338
543,THYROCARE.NS,2020-05-07,503.89999400000005,509.0,500.0,500.200012,500.200012,25571
544,THYROCARE.NS,2020-05-08,506.950012,507.0,498.35000599999995,499.950012,499.950012,35185
545,THYROCARE.NS,2020-05-11,500.75,508.700012,500.0,503.39999400000005,503.39999400000005,36997
546,THYROCARE.NS,2020-05-12,502.0,512.0,498.0,511.0,511.0,98844
547,THYROCARE.NS,2020-05-13,516.900024,520.700012,507.0,511.5,511.5,29590
548,THYROCARE.NS,2020-05-14,509.950012,527.150024,503.0,520.650024,520.650024,74639
549,THYROCARE.NS,2020-05-15,522.900024,531.799988,512.0,515.0,515.0,119986
550,TIMETECHNO.NS,2020-05-04,33.5,34.0,31.6,32.0,32.0,166409
551,TIMETECHNO.NS,2020-05-05,32.200001,34.5,31.5,31.75,31.75,114192
552,TIMETECHNO.NS,2020-05-06,31.799999,32.950001,30.9,31.4,31.4,86027
553,TIMETECHNO.NS,2020-05-07,31.950001,31.950001,31.0,31.15,31.15,49830
554,TIMETECHNO.NS,2020-05-08,31.799999,32.0,30.0,30.35,30.35,111016
555,TIMETECHNO.NS,2020-05-11,30.9,31.5,30.25,31.049999,31.049999,75745
556,TIMETECHNO.NS,2020-05-12,31.4,31.4,29.6,29.950001,29.950001,86165
557,TIMETECHNO.NS,2020-05-13,32.549999,32.549999,27.450001,30.549999,30.549999,241370
558,TIMETECHNO.NS,2020-05-14,30.549999,31.6,30.15,30.4,30.4,89253
559,TIMETECHNO.NS,2020-05-15,30.200001,30.799999,30.0,30.25,30.25,61975
560,TIMKEN.NS,2020-05-04,881.0,895.0,857.9500119999999,869.099976,869.099976,54144
561,TIMKEN.NS,2020-05-05,871.9500119999999,890.4500119999999,835.450012,840.2000119999999,840.2000119999999,20242
562,TIMKEN.NS,2020-05-06,851.0,860.0,830.349976,850.099976,850.099976,272846
563,TIMKEN.NS,2020-05-07,864.0,924.0,842.75,896.9500119999999,896.9500119999999,168115
564,TIMKEN.NS,2020-05-08,887.0,888.0,845.2000119999999,848.0,848.0,55847
565,TIMKEN.NS,2020-05-11,860.9500119999999,860.9500119999999,844.0,849.650024,849.650024,22998
566,TIMKEN.NS,2020-05-12,846.9500119999999,859.0,825.099976,839.900024,839.900024,40001
567,TIMKEN.NS,2020-05-13,853.0,855.0,835.049988,843.0,843.0,17238
568,TIMKEN.NS,2020-05-14,839.75,839.75,803.0,806.5,806.5,38313
569,TIMKEN.NS,2020-05-15,803.0,818.049988,791.900024,801.950012,801.950012,13395
570,TITAN.NS,2020-05-04,928.5,929.0,886.0,891.849976,891.849976,4201101
571,TITAN.NS,2020-05-05,905.0,908.849976,877.0,886.9500119999999,886.9500119999999,5214901
572,TITAN.NS,2020-05-06,887.0,891.9500119999999,861.25,876.4500119999999,876.4500119999999,3713850
573,TITAN.NS,2020-05-07,878.5,878.5,846.400024,849.099976,849.099976,4744629
574,TITAN.NS,2020-05-08,857.0,862.5,830.299988,832.849976,832.849976,4751910
575,TITAN.NS,2020-05-11,848.4500119999999,851.400024,824.0,829.599976,829.599976,3704305
576,TITAN.NS,2020-05-12,827.0,851.0,822.25,846.4500119999999,846.4500119999999,5287477
577,TITAN.NS,2020-05-13,874.9500119999999,883.9500119999999,856.0,860.4500119999999,860.4500119999999,3599358
578,TITAN.NS,2020-05-14,855.0,856.0,841.25,846.0,846.0,2161536
579,TITAN.NS,2020-05-15,846.0,859.7999880000001,842.0,845.599976,845.599976,2129127
580,TORNTPHARM.NS,2020-05-04,2340.0,2425.0,2322.0,2375.850098,2375.850098,1005595
581,TORNTPHARM.NS,2020-05-05,2406.600098,2440.0,2352.699951,2365.850098,2365.850098,571452
582,TORNTPHARM.NS,2020-05-06,2360.0,2397.899902,2296.449951,2320.699951,2320.699951,414431
583,TORNTPHARM.NS,2020-05-07,2338.0,2430.0,2331.649902,2354.600098,2354.600098,516741
584,TORNTPHARM.NS,2020-05-08,2390.0,2450.0,2346.199951,2438.600098,2438.600098,606554
585,TORNTPHARM.NS,2020-05-11,2455.0,2509.399902,2442.949951,2495.899902,2495.899902,813951
586,TORNTPHARM.NS,2020-05-12,2518.0,2525.0,2398.550049,2445.300049,2445.300049,657003
587,TORNTPHARM.NS,2020-05-13,2490.0,2501.0,2358.0,2404.149902,2404.149902,738126
588,TORNTPHARM.NS,2020-05-14,2398.75,2448.949951,2374.199951,2408.5,2408.5,563271
589,TORNTPHARM.NS,2020-05-15,2430.0,2470.0,2416.0,2461.449951,2461.449951,929129
590,TORNTPOWER.NS,2020-05-04,322.0,337.899994,320.350006,330.75,330.75,1529969
591,TORNTPOWER.NS,2020-05-05,333.0,338.700012,329.149994,330.899994,330.899994,1835934
592,TORNTPOWER.NS,2020-05-06,331.25,332.399994,325.399994,328.950012,328.950012,891703
593,TORNTPOWER.NS,2020-05-07,329.0,332.700012,320.5,322.799988,322.799988,977132
594,TORNTPOWER.NS,2020-05-08,325.0,327.549988,300.0,301.75,301.75,3446053
595,TORNTPOWER.NS,2020-05-11,302.350006,307.200012,297.0,300.799988,300.799988,1277821
596,TORNTPOWER.NS,2020-05-12,299.799988,304.0,295.600006,299.850006,299.850006,1311937
597,TORNTPOWER.NS,2020-05-13,318.799988,318.799988,300.649994,305.100006,305.100006,1768508
598,TORNTPOWER.NS,2020-05-14,307.450012,317.799988,302.799988,303.850006,303.850006,3600023
599,TORNTPOWER.NS,2020-05-15,305.950012,305.950012,296.649994,304.600006,304.600006,1313341
600,TRENT.NS,2020-05-04,490.049988,494.950012,471.0,477.549988,477.549988,269260
601,TRENT.NS,2020-05-05,482.0,487.299988,474.549988,475.799988,475.799988,327042
602,TRENT.NS,2020-05-06,479.700012,486.950012,451.549988,470.5,470.5,751468
603,TRENT.NS,2020-05-07,470.39999400000005,475.25,463.950012,465.39999400000005,465.39999400000005,214394
604,TRENT.NS,2020-05-08,474.0,474.0,456.10000599999995,459.799988,459.799988,243041
605,TRENT.NS,2020-05-11,462.700012,466.549988,449.0,450.549988,450.549988,209138
606,TRENT.NS,2020-05-12,454.39999400000005,458.0,443.700012,448.700012,448.700012,127876
607,TRENT.NS,2020-05-13,458.700012,462.549988,447.0,450.799988,450.799988,1007475
608,TRENT.NS,2020-05-14,450.799988,456.950012,445.14999400000005,450.14999400000005,450.14999400000005,305826
609,TRENT.NS,2020-05-15,450.049988,452.39999400000005,440.0,441.39999400000005,441.39999400000005,346600
610,TRIDENT.NS,2020-05-04,4.8,4.85,4.6,4.8,4.8,5593132
611,TRIDENT.NS,2020-05-05,4.85,4.85,4.65,4.7,4.7,3974362
612,TRIDENT.NS,2020-05-06,4.7,4.8,4.5,4.75,4.75,7113864
613,TRIDENT.NS,2020-05-07,4.75,4.8,4.65,4.7,4.7,2819199
614,TRIDENT.NS,2020-05-08,4.75,4.8,4.6,4.65,4.65,2890517
615,TRIDENT.NS,2020-05-11,4.7,4.75,4.6,4.7,4.7,3030037
616,TRIDENT.NS,2020-05-12,4.7,4.7,4.55,4.65,4.65,3956175
617,TRIDENT.NS,2020-05-13,4.75,4.8,4.7,4.75,4.75,4354297
618,TRIDENT.NS,2020-05-14,4.75,4.8,4.7,4.75,4.75,4035743
619,TRIDENT.NS,2020-05-15,4.8,4.9,4.75,4.9,4.9,4628160
620,TRITURBINE.NS,2020-05-04,71.800003,74.949997,68.0,68.900002,68.900002,56718
621,TRITURBINE.NS,2020-05-05,68.900002,75.0,68.0,69.199997,69.199997,79057
622,TRITURBINE.NS,2020-05-06,69.199997,71.699997,67.849998,69.849998,69.849998,32178
623,TRITURBINE.NS,2020-05-07,68.25,70.050003,67.099998,67.400002,67.400002,16949
624,TRITURBINE.NS,2020-05-08,66.25,68.400002,65.050003,65.650002,65.650002,20843
625,TRITURBINE.NS,2020-05-11,64.75,67.650002,63.700001,63.849998,63.849998,24683
626,TRITURBINE.NS,2020-05-12,63.450001,68.0,61.0,63.25,63.25,43903
627,TRITURBINE.NS,2020-05-13,68.0,71.949997,63.700001,66.150002,66.150002,51756
628,TRITURBINE.NS,2020-05-14,66.150002,68.0,64.25,64.900002,64.900002,23275
629,TRITURBINE.NS,2020-05-15,67.0,67.0,64.5,65.0,65.0,11002
630,TIINDIA.NS,2020-05-04,368.0,370.950012,353.899994,362.649994,362.649994,46495
631,TIINDIA.NS,2020-05-05,365.0,371.899994,354.100006,357.149994,357.149994,53340
632,TIINDIA.NS,2020-05-06,359.950012,376.0,357.399994,373.200012,373.200012,111446
633,TIINDIA.NS,2020-05-07,374.799988,376.0,367.5,374.299988,374.299988,64557
634,TIINDIA.NS,2020-05-08,377.0,377.0,350.0,366.100006,366.100006,261880
635,TIINDIA.NS,2020-05-11,371.0,373.0,350.399994,352.600006,352.600006,29397
636,TIINDIA.NS,2020-05-12,355.700012,355.700012,331.399994,334.850006,334.850006,38511
637,TIINDIA.NS,2020-05-13,345.0,354.0,340.100006,347.049988,347.049988,64352
638,TIINDIA.NS,2020-05-14,345.0,357.75,335.200012,339.450012,339.450012,612582
639,TIINDIA.NS,2020-05-15,341.899994,346.399994,336.200012,338.75,338.75,31868
640,UCOBANK.NS,2020-05-04,12.4,12.45,12.05,12.25,12.25,849434
641,UCOBANK.NS,2020-05-05,12.6,12.6,12.15,12.2,12.2,426755
642,UCOBANK.NS,2020-05-06,12.3,12.3,11.8,12.05,12.05,594467
643,UCOBANK.NS,2020-05-07,12.1,12.3,11.9,11.95,11.95,654798
644,UCOBANK.NS,2020-05-08,12.0,12.2,11.75,11.85,11.85,646208
645,UCOBANK.NS,2020-05-11,11.95,12.0,11.55,11.65,11.65,706768
646,UCOBANK.NS,2020-05-12,11.5,11.5,11.1,11.3,11.3,747651
647,UCOBANK.NS,2020-05-13,11.95,12.4,11.65,11.95,11.95,1375680
648,UCOBANK.NS,2020-05-14,12.0,12.0,11.65,11.75,11.75,538664
649,UCOBANK.NS,2020-05-15,11.8,11.8,11.6,11.7,11.7,338101
650,UFLEX.NS,2020-05-04,179.5,179.800003,172.350006,174.5,174.5,97528
651,UFLEX.NS,2020-05-05,179.0,179.0,170.25,171.0,171.0,49657
652,UFLEX.NS,2020-05-06,170.300003,176.949997,168.0,172.899994,172.899994,85076
653,UFLEX.NS,2020-05-07,171.0,173.899994,168.449997,170.649994,170.649994,32930
654,UFLEX.NS,2020-05-08,179.0,179.0,171.550003,172.149994,172.149994,110157
655,UFLEX.NS,2020-05-11,172.5,174.350006,171.050003,172.5,172.5,75975
656,UFLEX.NS,2020-05-12,172.0,172.050003,167.300003,170.300003,170.300003,37888
657,UFLEX.NS,2020-05-13,178.0,178.0,172.600006,175.550003,175.550003,59791
658,UFLEX.NS,2020-05-14,172.100006,174.949997,170.050003,171.449997,171.449997,71957
659,UFLEX.NS,2020-05-15,171.600006,174.050003,170.0,171.100006,171.100006,40160
660,UPL.NS,2020-05-04,394.850006,419.5,381.350006,385.399994,385.399994,10395293
661,UPL.NS,2020-05-05,395.0,408.0,385.0,387.049988,387.049988,11636689
662,UPL.NS,2020-05-06,392.950012,392.950012,373.0,379.0,379.0,7610739
663,UPL.NS,2020-05-07,378.0,383.899994,366.299988,368.399994,368.399994,4313383
664,UPL.NS,2020-05-08,373.450012,375.799988,363.0,364.600006,364.600006,3281665
665,UPL.NS,2020-05-11,367.0,378.600006,366.5,368.100006,368.100006,3903903
666,UPL.NS,2020-05-12,368.5,382.450012,363.899994,374.549988,374.549988,9371378
667,UPL.NS,2020-05-13,398.200012,398.799988,380.600006,389.649994,389.649994,7474549
668,UPL.NS,2020-05-14,386.5,396.0,376.100006,391.850006,391.850006,7302564
669,UPL.NS,2020-05-15,393.700012,393.700012,377.450012,378.899994,378.899994,3688424
670,UJJIVAN.NS,2020-05-04,168.850006,168.949997,157.5,164.649994,164.649994,4474662
671,UJJIVAN.NS,2020-05-05,170.0,174.600006,165.0,165.949997,165.949997,4544117
672,UJJIVAN.NS,2020-05-06,166.0,174.199997,162.25,172.449997,172.449997,5093826
673,UJJIVAN.NS,2020-05-07,170.399994,178.75,167.100006,169.800003,169.800003,3776707
674,UJJIVAN.NS,2020-05-08,173.899994,176.850006,163.800003,165.5,165.5,3503445
675,UJJIVAN.NS,2020-05-11,168.0,172.899994,166.5,170.25,170.25,3949846
676,UJJIVAN.NS,2020-05-12,167.0,169.199997,160.5,167.350006,167.350006,3994447
677,UJJIVAN.NS,2020-05-13,182.0,182.0,172.0,175.100006,175.100006,3808812
678,UJJIVAN.NS,2020-05-14,175.0,184.25,170.050003,171.550003,171.550003,6831054
679,UJJIVAN.NS,2020-05-15,173.699997,175.199997,164.0,167.550003,167.550003,4810925
680,ULTRACEMCO.NS,2020-05-04,3431.0,3461.6999509999996,3326.050049,3347.600098,3347.600098,519181
681,ULTRACEMCO.NS,2020-05-05,3395.0,3395.0,3274.0,3284.350098,3284.350098,387071
682,ULTRACEMCO.NS,2020-05-06,3300.0,3389.5,3247.149902,3324.399902,3324.399902,374625
683,ULTRACEMCO.NS,2020-05-07,3323.949951,3378.0,3231.0,3252.850098,3252.850098,473677
684,ULTRACEMCO.NS,2020-05-08,3294.0,3325.0,3271.050049,3305.800049,3305.800049,421623
685,ULTRACEMCO.NS,2020-05-11,3355.0,3450.0,3330.100098,3360.75,3360.75,483864
686,ULTRACEMCO.NS,2020-05-12,3344.0,3405.5,3275.550049,3349.350098,3349.350098,557262
687,ULTRACEMCO.NS,2020-05-13,3450.0,3580.0,3450.0,3546.6999509999996,3546.6999509999996,1225497
688,ULTRACEMCO.NS,2020-05-14,3512.0,3633.8000490000004,3491.0,3609.5,3609.5,974733
689,ULTRACEMCO.NS,2020-05-15,3629.0,3629.0,3547.850098,3583.149902,3583.149902,645103
690,UNIONBANK.NS,2020-05-04,26.549999,26.75,26.0,26.1,26.1,3334752
691,UNIONBANK.NS,2020-05-05,26.5,26.5,25.450001,25.5,25.5,3831287
692,UNIONBANK.NS,2020-05-06,25.6,25.65,24.4,24.5,24.5,5048379
693,UNIONBANK.NS,2020-05-07,24.5,24.75,24.049999,24.1,24.1,4227682
694,UNIONBANK.NS,2020-05-08,24.25,24.450001,23.6,23.799999,23.799999,2897417
695,UNIONBANK.NS,2020-05-11,24.0,24.1,23.6,23.85,23.85,2550388
696,UNIONBANK.NS,2020-05-12,23.549999,24.1,23.25,23.950001,23.950001,2397272
697,UNIONBANK.NS,2020-05-13,25.75,25.75,24.4,25.1,25.1,7005233
698,UNIONBANK.NS,2020-05-14,25.0,25.299999,24.700001,24.85,24.85,2628947
699,UNIONBANK.NS,2020-05-15,24.85,24.950001,24.299999,24.700001,24.700001,3199267
700,UBL.NS,2020-05-04,975.0,1008.150024,950.849976,969.75,969.75,2816838
701,UBL.NS,2020-05-05,974.7000119999999,979.900024,898.75,908.349976,908.349976,1635589
702,UBL.NS,2020-05-06,902.0,917.5499880000001,865.5499880000001,896.650024,896.650024,1025537
703,UBL.NS,2020-05-07,905.650024,922.0,870.5,874.2000119999999,874.2000119999999,942941
704,UBL.NS,2020-05-08,876.0,902.4500119999999,867.099976,890.099976,890.099976,953400
705,UBL.NS,2020-05-11,890.5,901.7000119999999,880.25,885.599976,885.599976,576485
706,UBL.NS,2020-05-12,884.0,906.0,871.0,894.5499880000001,894.5499880000001,439496
707,UBL.NS,2020-05-13,935.0,935.0,900.0,915.25,915.25,949732
708,UBL.NS,2020-05-14,905.099976,966.5,897.099976,939.099976,939.099976,1356119
709,UBL.NS,2020-05-15,942.0,949.349976,910.0,914.4500119999999,914.4500119999999,746775
710,MCDOWELL-N.NS,2020-05-04,550.0,558.0,527.849976,541.849976,541.849976,12143351
711,MCDOWELL-N.NS,2020-05-05,543.0,544.0,488.0,494.89999400000005,494.89999400000005,12416595
712,MCDOWELL-N.NS,2020-05-06,495.0,498.35000599999995,478.5,493.85000599999995,493.85000599999995,8307352
713,MCDOWELL-N.NS,2020-05-07,503.89999400000005,516.650024,494.200012,504.75,504.75,7738482
714,MCDOWELL-N.NS,2020-05-08,514.700012,514.700012,499.200012,501.35000599999995,501.35000599999995,4537570
715,MCDOWELL-N.NS,2020-05-11,505.5,509.64999400000005,491.64999400000005,493.200012,493.200012,3776506
716,MCDOWELL-N.NS,2020-05-12,490.0,508.39999400000005,487.700012,505.5,505.5,3129331
717,MCDOWELL-N.NS,2020-05-13,510.0,532.200012,505.049988,510.200012,510.200012,5925755
718,MCDOWELL-N.NS,2020-05-14,505.0,561.0,500.0,539.799988,539.799988,15134694
719,MCDOWELL-N.NS,2020-05-15,540.0,558.599976,536.25,540.849976,540.849976,8451168
720,VGUARD.NS,2020-05-04,175.0,175.0,170.25,170.699997,170.699997,275795
721,VGUARD.NS,2020-05-05,173.0,174.399994,168.550003,169.149994,169.149994,159365
722,VGUARD.NS,2020-05-06,170.949997,174.0,167.050003,172.649994,172.649994,207094
723,VGUARD.NS,2020-05-07,173.0,173.899994,170.100006,170.5,170.5,119867
724,VGUARD.NS,2020-05-08,171.199997,172.949997,169.199997,169.850006,169.850006,149899
725,VGUARD.NS,2020-05-11,171.0,172.25,168.100006,169.600006,169.600006,228235
726,VGUARD.NS,2020-05-12,169.899994,169.899994,166.149994,167.649994,167.649994,161728
727,VGUARD.NS,2020-05-13,172.0,179.699997,172.0,175.800003,175.800003,1162982
728,VGUARD.NS,2020-05-14,173.75,181.0,170.25,178.350006,178.350006,514009
729,VGUARD.NS,2020-05-15,180.0,185.600006,175.25,178.300003,178.300003,520315
730,VMART.NS,2020-05-04,1725.0,1727.6500239999998,1679.0,1688.6500239999998,1688.6500239999998,9379
731,VMART.NS,2020-05-05,1690.0,1711.0,1671.050049,1674.449951,1674.449951,4549
732,VMART.NS,2020-05-06,1666.699951,1666.699951,1616.949951,1647.599976,1647.599976,10988
733,VMART.NS,2020-05-07,1627.599976,1699.949951,1621.300049,1652.050049,1652.050049,8975
734,VMART.NS,2020-05-08,1697.5,1697.5,1625.0,1644.550049,1644.550049,4291
735,VMART.NS,2020-05-11,1637.0,1674.949951,1609.400024,1633.150024,1633.150024,3896
736,VMART.NS,2020-05-12,1678.9000239999998,1678.949951,1601.0,1632.900024,1632.900024,65805
737,VMART.NS,2020-05-13,1714.5,1714.5,1630.0,1646.400024,1646.400024,31594
738,VMART.NS,2020-05-14,1646.400024,1648.25,1581.0,1593.25,1593.25,11069
739,VMART.NS,2020-05-15,1629.75,1629.75,1587.550049,1603.300049,1603.300049,3519
740,VIPIND.NS,2020-05-04,216.0,225.0,216.0,220.649994,220.649994,348087
741,VIPIND.NS,2020-05-05,224.19999700000002,226.649994,215.19999700000002,216.0,216.0,190632
742,VIPIND.NS,2020-05-06,218.0,219.94999700000002,213.30000299999998,215.25,215.25,206997
743,VIPIND.NS,2020-05-07,216.5,219.55000299999998,212.0,213.899994,213.899994,205427
744,VIPIND.NS,2020-05-08,218.0,218.0,212.149994,213.100006,213.100006,121086
745,VIPIND.NS,2020-05-11,219.80000299999998,234.649994,219.75,223.850006,223.850006,3218639
746,VIPIND.NS,2020-05-12,228.0,237.44999700000002,220.350006,224.600006,224.600006,2536892
747,VIPIND.NS,2020-05-13,237.0,237.5,226.0,229.69999700000002,229.69999700000002,765600
748,VIPIND.NS,2020-05-14,230.0,234.600006,229.0,230.899994,230.899994,736345
749,VIPIND.NS,2020-05-15,232.399994,232.399994,219.05000299999998,221.899994,221.899994,486315
750,VRLLOG.NS,2020-05-04,163.850006,163.850006,155.300003,160.100006,160.100006,104273
751,VRLLOG.NS,2020-05-05,162.800003,163.399994,157.5,158.649994,158.649994,32605
752,VRLLOG.NS,2020-05-06,160.850006,162.399994,157.0,161.5,161.5,30859
753,VRLLOG.NS,2020-05-07,161.25,163.550003,157.0,159.399994,159.399994,41745
754,VRLLOG.NS,2020-05-08,162.949997,162.949997,155.600006,157.050003,157.050003,36670
755,VRLLOG.NS,2020-05-11,157.0,158.350006,153.100006,154.5,154.5,62519
756,VRLLOG.NS,2020-05-12,155.899994,155.899994,150.5,153.600006,153.600006,45240
757,VRLLOG.NS,2020-05-13,160.0,160.0,153.5,155.850006,155.850006,56075
758,VRLLOG.NS,2020-05-14,156.0,158.0,153.0,153.75,153.75,23870
759,VRLLOG.NS,2020-05-15,153.850006,157.149994,150.199997,152.149994,152.149994,28165
760,VSTIND.NS,2020-05-04,2970.0,3052.75,2928.0,2949.949951,2949.949951,33686
761,VSTIND.NS,2020-05-05,3005.0,3005.0,2880.0,2891.600098,2891.600098,10523
762,VSTIND.NS,2020-05-06,2900.0,2914.0,2812.0,2861.949951,2861.949951,21646
763,VSTIND.NS,2020-05-07,2887.949951,2899.649902,2815.949951,2825.350098,2825.350098,9783
764,VSTIND.NS,2020-05-08,2865.0,2865.0,2790.0,2795.850098,2795.850098,8768
765,VSTIND.NS,2020-05-11,2791.300049,2842.550049,2790.800049,2805.949951,2805.949951,8263
766,VSTIND.NS,2020-05-12,2807.0,2845.600098,2792.0,2813.25,2813.25,6093
767,VSTIND.NS,2020-05-13,2899.0,2899.0,2815.0,2868.149902,2868.149902,9245
768,VSTIND.NS,2020-05-14,2870.0,2894.0,2815.0,2840.350098,2840.350098,4911
769,VSTIND.NS,2020-05-15,2870.0,2920.0,2825.0,2904.0,2904.0,8461
770,WABAG.NS,2020-05-04,122.800003,122.800003,122.800003,122.800003,122.800003,20289
771,WABAG.NS,2020-05-05,118.099998,122.800003,116.699997,116.699997,116.699997,155580
772,WABAG.NS,2020-05-06,113.099998,116.699997,110.900002,110.900002,110.900002,168876
773,WABAG.NS,2020-05-07,106.199997,116.400002,106.099998,115.900002,115.900002,342949
774,WABAG.NS,2020-05-08,118.699997,119.349998,111.0,112.099998,112.099998,135296
775,WABAG.NS,2020-05-11,111.5,116.5,107.599998,108.949997,108.949997,88818
776,WABAG.NS,2020-05-12,109.0,110.150002,104.599998,106.150002,106.150002,134720
777,WABAG.NS,2020-05-13,109.900002,111.400002,105.300003,106.75,106.75,123569
778,WABAG.NS,2020-05-14,107.050003,109.150002,105.0,105.150002,105.150002,79682
779,WABAG.NS,2020-05-15,107.0,107.300003,101.199997,101.900002,101.900002,111267
780,VAIBHAVGBL.NS,2020-05-04,940.0,970.849976,915.5499880000001,949.599976,949.599976,6331
781,VAIBHAVGBL.NS,2020-05-05,921.849976,1005.0,921.849976,971.599976,971.599976,11561
782,VAIBHAVGBL.NS,2020-05-06,987.0,987.0,935.0,943.099976,943.099976,5063
783,VAIBHAVGBL.NS,2020-05-07,927.099976,978.150024,927.099976,966.2000119999999,966.2000119999999,4843
784,VAIBHAVGBL.NS,2020-05-08,984.9500119999999,1025.0,972.599976,1000.5,1000.5,21802
785,VAIBHAVGBL.NS,2020-05-11,1010.0,1020.0,990.0,992.2000119999999,992.2000119999999,15640
786,VAIBHAVGBL.NS,2020-05-12,1006.75,1006.75,985.0,990.2999880000001,990.2999880000001,4380
787,VAIBHAVGBL.NS,2020-05-13,1005.0,1005.0,980.0,986.7000119999999,986.7000119999999,3150
788,VAIBHAVGBL.NS,2020-05-14,980.5,1010.0,980.5,1007.2000119999999,1007.2000119999999,9675
789,VAIBHAVGBL.NS,2020-05-15,1005.0,1015.0,995.0,1011.0499880000001,1011.0499880000001,7058
790,VAKRANGEE.NS,2020-05-04,25.1,26.200001,24.5,24.6,24.6,1888863
791,VAKRANGEE.NS,2020-05-05,24.799999,25.1,24.5,24.75,24.75,1386182
792,VAKRANGEE.NS,2020-05-06,24.15,25.0,23.9,24.450001,24.450001,924680
793,VAKRANGEE.NS,2020-05-07,24.700001,25.65,24.299999,25.65,25.65,1698048
794,VAKRANGEE.NS,2020-05-08,26.9,26.9,26.9,26.9,26.9,536798
795,VAKRANGEE.NS,2020-05-11,28.15,28.200001,26.9,28.200001,28.200001,3344806
796,VAKRANGEE.NS,2020-05-12,28.950001,29.0,27.0,27.35,27.35,1782450
797,VAKRANGEE.NS,2020-05-13,28.450001,28.549999,26.299999,26.6,26.6,1667385
798,VAKRANGEE.NS,2020-05-14,26.25,26.549999,25.700001,26.200001,26.200001,687274
799,VAKRANGEE.NS,2020-05-15,26.75,27.1,25.799999,26.1,26.1,832858
800,VTL.NS,2020-05-04,630.099976,654.0,624.849976,635.049988,635.049988,19631
801,VTL.NS,2020-05-05,648.450012,648.450012,623.0,630.900024,630.900024,8449
802,VTL.NS,2020-05-06,644.950012,644.950012,620.150024,628.099976,628.099976,8772
803,VTL.NS,2020-05-07,644.900024,644.950012,626.299988,637.700012,637.700012,8261
804,VTL.NS,2020-05-08,643.700012,643.700012,625.0,630.950012,630.950012,3220
805,VTL.NS,2020-05-11,631.099976,638.950012,621.0,627.700012,627.700012,4348
806,VTL.NS,2020-05-12,623.299988,639.75,610.0,614.950012,614.950012,102475
807,VTL.NS,2020-05-13,644.0,655.049988,622.950012,629.5,629.5,14648
808,VTL.NS,2020-05-14,641.900024,641.900024,615.0,616.799988,616.799988,94985
809,VTL.NS,2020-05-15,617.099976,632.799988,617.099976,629.349976,629.349976,8002
810,VARROC.NS,2020-05-04,159.0,159.0,152.050003,152.050003,152.050003,113805
811,VARROC.NS,2020-05-05,150.0,152.0,144.449997,148.199997,148.199997,292708
812,VARROC.NS,2020-05-06,150.75,154.0,144.0,151.0,151.0,97318
813,VARROC.NS,2020-05-07,154.0,158.550003,147.0,151.449997,151.449997,273726
814,VARROC.NS,2020-05-08,154.899994,157.0,144.449997,145.850006,145.850006,128465
815,VARROC.NS,2020-05-11,146.5,151.0,138.600006,140.800003,140.800003,344348
816,VARROC.NS,2020-05-12,141.899994,141.949997,134.0,137.550003,137.550003,174244
817,VARROC.NS,2020-05-13,142.899994,143.0,135.0,138.850006,138.850006,263861
818,VARROC.NS,2020-05-14,138.850006,143.699997,135.100006,138.75,138.75,515445
819,VARROC.NS,2020-05-15,137.0,141.0,134.5,136.350006,136.350006,95355
820,VBL.NS,2020-05-04,663.5,692.0,612.950012,616.700012,616.700012,340106
821,VBL.NS,2020-05-05,634.700012,649.0,612.0,620.349976,620.349976,880185
822,VBL.NS,2020-05-06,635.950012,635.950012,612.0,616.0,616.0,300903
823,VBL.NS,2020-05-07,619.900024,619.900024,572.0,600.0,600.0,621090
824,VBL.NS,2020-05-08,604.0,624.75,604.0,620.400024,620.400024,223648
825,VBL.NS,2020-05-11,625.0,630.0,600.200012,617.200012,617.200012,321931
826,VBL.NS,2020-05-12,619.0,629.900024,605.200012,623.700012,623.700012,212941
827,VBL.NS,2020-05-13,641.0,668.900024,622.0,660.0,660.0,306599
828,VBL.NS,2020-05-14,647.5,659.650024,638.0,643.450012,643.450012,189588
829,VBL.NS,2020-05-15,643.0,656.950012,628.0,632.900024,632.900024,187887
830,VEDL.NS,2020-05-04,82.650002,83.699997,77.400002,79.949997,79.949997,33174258
831,VEDL.NS,2020-05-05,81.800003,83.199997,78.5,78.900002,78.900002,29105285
832,VEDL.NS,2020-05-06,79.699997,80.900002,77.949997,79.449997,79.449997,20995947
833,VEDL.NS,2020-05-07,78.900002,80.599998,78.050003,78.550003,78.550003,15604986
834,VEDL.NS,2020-05-08,80.599998,80.800003,77.050003,77.400002,77.400002,15997839
835,VEDL.NS,2020-05-11,78.849998,80.5,78.0,79.599998,79.599998,33344496
836,VEDL.NS,2020-05-12,79.449997,90.5,79.050003,89.050003,89.050003,112769086
837,VEDL.NS,2020-05-13,97.949997,97.949997,88.5,90.25,90.25,145837778
838,VEDL.NS,2020-05-14,88.400002,91.800003,87.75,89.150002,89.150002,38560045
839,VEDL.NS,2020-05-15,90.0,95.550003,88.199997,92.949997,92.949997,75388464
840,VENKEYS.NS,2020-05-04,1083.0,1083.0,1042.099976,1051.699951,1051.699951,38010
841,VENKEYS.NS,2020-05-05,1073.0,1082.5,1025.099976,1034.0,1034.0,29927
842,VENKEYS.NS,2020-05-06,1047.349976,1047.949951,996.2000119999999,1009.7999880000001,1009.7999880000001,31991
843,VENKEYS.NS,2020-05-07,990.0,1060.25,990.0,1060.25,1060.25,36004
844,VENKEYS.NS,2020-05-08,1113.25,1113.25,1051.0,1055.800049,1055.800049,132219
845,VENKEYS.NS,2020-05-11,1065.0,1090.75,1048.099976,1056.849976,1056.849976,34681
846,VENKEYS.NS,2020-05-12,1065.0,1085.75,1041.650024,1058.0,1058.0,45838
847,VENKEYS.NS,2020-05-13,1101.0,1101.0,1060.0,1068.800049,1068.800049,38029
848,VENKEYS.NS,2020-05-14,1055.0,1078.800049,1040.5,1054.199951,1054.199951,24015
849,VENKEYS.NS,2020-05-15,1071.800049,1077.800049,1032.0,1043.949951,1043.949951,52084
850,VINATIORGA.NS,2020-05-04,952.0,963.099976,927.0,948.0,948.0,108612
851,VINATIORGA.NS,2020-05-05,964.0,998.0,952.599976,968.099976,968.099976,133517
852,VINATIORGA.NS,2020-05-06,981.0,987.849976,949.25,960.2000119999999,960.2000119999999,66359
853,VINATIORGA.NS,2020-05-07,969.599976,975.650024,957.650024,964.349976,964.349976,39675
854,VINATIORGA.NS,2020-05-08,972.0,994.75,960.0,982.7999880000001,982.7999880000001,131671
855,VINATIORGA.NS,2020-05-11,985.099976,999.7999880000001,962.0,986.0,986.0,268310
856,VINATIORGA.NS,2020-05-12,980.0,982.25,961.0,965.9500119999999,965.9500119999999,78501
857,VINATIORGA.NS,2020-05-13,989.0,989.0,946.4500119999999,960.150024,960.150024,101545
858,VINATIORGA.NS,2020-05-14,957.599976,969.900024,950.0,955.650024,955.650024,41520
859,VINATIORGA.NS,2020-05-15,958.0,984.0,942.0,970.099976,970.099976,75408
860,IDEA.NS,2020-05-04,4.05,4.35,3.9,4.15,4.15,445004742
861,IDEA.NS,2020-05-05,4.25,4.3,4.1,4.15,4.15,184891529
862,IDEA.NS,2020-05-06,4.1,4.4,4.05,4.25,4.25,434137889
863,IDEA.NS,2020-05-07,4.2,4.3,4.1,4.15,4.15,160718948
864,IDEA.NS,2020-05-08,4.2,4.3,4.15,4.2,4.2,172138358
865,IDEA.NS,2020-05-11,4.25,4.8,4.2,4.6,4.6,924169681
866,IDEA.NS,2020-05-12,4.65,5.0,4.5,4.95,4.95,587127838
867,IDEA.NS,2020-05-13,5.35,5.35,4.8,4.9,4.9,443661451
868,IDEA.NS,2020-05-14,4.8,5.0,4.7,4.75,4.75,251907237
869,IDEA.NS,2020-05-15,4.75,5.0,4.55,4.85,4.85,231919553
870,VOLTAS.NS,2020-05-04,496.0,496.5,461.0,465.950012,465.950012,2361916
871,VOLTAS.NS,2020-05-05,475.0,481.89999400000005,432.25,438.39999400000005,438.39999400000005,4163943
872,VOLTAS.NS,2020-05-06,442.799988,463.89999400000005,427.450012,457.950012,457.950012,7211439
873,VOLTAS.NS,2020-05-07,460.0,469.0,439.14999400000005,442.200012,442.200012,7363997
874,VOLTAS.NS,2020-05-08,455.0,459.950012,445.200012,456.39999400000005,456.39999400000005,3964094
875,VOLTAS.NS,2020-05-11,458.10000599999995,472.700012,457.60000599999995,468.950012,468.950012,2289089
876,VOLTAS.NS,2020-05-12,467.450012,474.200012,457.25,460.200012,460.200012,3635078
877,VOLTAS.NS,2020-05-13,475.0,481.799988,452.89999400000005,464.14999400000005,464.14999400000005,5154440
878,VOLTAS.NS,2020-05-14,458.89999400000005,472.5,453.450012,457.0,457.0,2959019
879,VOLTAS.NS,2020-05-15,460.0,466.0,448.5,462.049988,462.049988,2668502
880,WABCOINDIA.NS,2020-05-04,6208.049805,6245.0,6162.049805,6170.25,6170.25,9632
881,WABCOINDIA.NS,2020-05-05,6269.25,6269.299805,6132.100098,6148.350098,6148.350098,4369
882,WABCOINDIA.NS,2020-05-06,6138.299805,6288.850098,6119.399902,6227.549805,6227.549805,3338
883,WABCOINDIA.NS,2020-05-07,6200.0,6230.0,6169.600098,6212.450195,6212.450195,907
884,WABCOINDIA.NS,2020-05-08,6230.149902,6240.0,6186.200195,6225.850098,6225.850098,2329
885,WABCOINDIA.NS,2020-05-11,6249.950195,6275.049805,6183.200195,6250.950195,6250.950195,1450
886,WABCOINDIA.NS,2020-05-12,6249.950195,6267.950195,6206.850098,6249.450195,6249.450195,2260
887,WABCOINDIA.NS,2020-05-13,6250.0,6271.0,6201.0,6215.450195,6215.450195,3577
888,WABCOINDIA.NS,2020-05-14,6260.200195,6289.0,6180.0,6200.850098,6200.850098,3667
889,WABCOINDIA.NS,2020-05-15,6186.0,6230.0,6175.0,6212.399902,6212.399902,6087
890,WELCORP.NS,2020-05-04,63.5,63.5,61.900002,61.900002,61.900002,376705
891,WELCORP.NS,2020-05-05,61.099998,63.450001,60.099998,60.799999,60.799999,400570
892,WELCORP.NS,2020-05-06,62.150002,62.299999,59.549999,59.849998,59.849998,497016
893,WELCORP.NS,2020-05-07,59.849998,61.5,59.549999,60.799999,60.799999,337787
894,WELCORP.NS,2020-05-08,61.400002,63.799999,61.25,62.75,62.75,490658
895,WELCORP.NS,2020-05-11,63.5,65.099998,60.400002,60.75,60.75,591525
896,WELCORP.NS,2020-05-12,60.650002,61.900002,59.450001,60.900002,60.900002,313631
897,WELCORP.NS,2020-05-13,63.75,63.75,60.700001,61.400002,61.400002,526903
898,WELCORP.NS,2020-05-14,60.950001,61.400002,59.599998,61.150002,61.150002,242407
899,WELCORP.NS,2020-05-15,61.849998,61.849998,60.200001,60.349998,60.349998,535559
900,WELSPUNIND.NS,2020-05-04,25.700001,25.950001,25.0,25.0,25.0,1719309
901,WELSPUNIND.NS,2020-05-05,24.25,25.4,23.75,24.0,24.0,788835
902,WELSPUNIND.NS,2020-05-06,24.200001,24.299999,23.5,24.0,24.0,464535
903,WELSPUNIND.NS,2020-05-07,23.9,24.9,23.5,23.700001,23.700001,464901
904,WELSPUNIND.NS,2020-05-08,24.0,24.700001,24.0,24.1,24.1,927267
905,WELSPUNIND.NS,2020-05-11,24.65,24.85,23.799999,24.0,24.0,377139
906,WELSPUNIND.NS,2020-05-12,24.0,24.9,23.799999,24.6,24.6,315408
907,WELSPUNIND.NS,2020-05-13,25.799999,25.799999,25.5,25.799999,25.799999,459489
908,WELSPUNIND.NS,2020-05-14,26.299999,26.5,25.200001,26.1,26.1,454808
909,WELSPUNIND.NS,2020-05-15,26.450001,27.4,25.799999,27.4,27.4,664683
910,WESTLIFE.NS,2020-05-04,307.899994,307.899994,285.0,286.850006,286.850006,189557
911,WESTLIFE.NS,2020-05-05,291.0,294.100006,282.0,283.899994,283.899994,140691
912,WESTLIFE.NS,2020-05-06,291.950012,298.399994,284.299988,292.25,292.25,377732
913,WESTLIFE.NS,2020-05-07,286.600006,298.399994,285.0,286.049988,286.049988,82244
914,WESTLIFE.NS,2020-05-08,290.0,293.799988,285.0,288.25,288.25,71985
915,WESTLIFE.NS,2020-05-11,292.0,292.399994,284.100006,286.799988,286.799988,103952
916,WESTLIFE.NS,2020-05-12,289.899994,292.5,284.0,290.75,290.75,61375
917,WESTLIFE.NS,2020-05-13,299.950012,313.149994,295.0,301.799988,301.799988,402876
918,WESTLIFE.NS,2020-05-14,299.0,302.0,292.149994,298.75,298.75,129022
919,WESTLIFE.NS,2020-05-15,299.0,302.350006,284.0,288.100006,288.100006,125348
920,WHIRLPOOL.NS,2020-05-04,2017.949951,2017.949951,1932.050049,1964.75,1964.75,59659
921,WHIRLPOOL.NS,2020-05-05,1997.0,2042.800049,1965.0,1980.8499760000002,1980.8499760000002,56799
922,WHIRLPOOL.NS,2020-05-06,2000.949951,2005.0,1922.0999760000002,1947.449951,1947.449951,42130
923,WHIRLPOOL.NS,2020-05-07,1957.0,1984.0,1920.050049,1929.25,1929.25,19765
924,WHIRLPOOL.NS,2020-05-08,1952.0,1973.949951,1872.0,1887.199951,1887.199951,29455
925,WHIRLPOOL.NS,2020-05-11,1900.0,1915.0,1879.199951,1893.449951,1893.449951,19213
926,WHIRLPOOL.NS,2020-05-12,1885.0,1894.9000239999998,1845.449951,1855.199951,1855.199951,24696
927,WHIRLPOOL.NS,2020-05-13,1935.0,1935.0,1866.0,1899.8499760000002,1899.8499760000002,46667
928,WHIRLPOOL.NS,2020-05-14,1885.0,1951.0,1875.0,1942.5999760000002,1942.5999760000002,32992
929,WHIRLPOOL.NS,2020-05-15,1960.0,1965.0,1898.5999760000002,1932.5,1932.5,27609
930,WIPRO.NS,2020-05-04,184.5,191.300003,183.050003,190.050003,190.050003,8570370
931,WIPRO.NS,2020-05-05,191.449997,194.0,182.199997,184.199997,184.199997,6932389
932,WIPRO.NS,2020-05-06,185.699997,188.0,181.0,187.050003,187.050003,5442790
933,WIPRO.NS,2020-05-07,184.0,185.399994,181.199997,184.100006,184.100006,5701069
934,WIPRO.NS,2020-05-08,185.199997,186.0,182.550003,184.0,184.0,4113672
935,WIPRO.NS,2020-05-11,185.0,189.949997,184.100006,184.699997,184.699997,4393833
936,WIPRO.NS,2020-05-12,184.199997,188.0,182.600006,187.050003,187.050003,3515409
937,WIPRO.NS,2020-05-13,191.5,191.5,185.149994,189.699997,189.699997,5280484
938,WIPRO.NS,2020-05-14,184.75,187.350006,183.100006,186.0,186.0,5162197
939,WIPRO.NS,2020-05-15,186.0,186.0,182.649994,183.800003,183.800003,3421483
940,WOCKPHARMA.NS,2020-05-04,250.0,268.5,250.0,261.899994,261.899994,648703
941,WOCKPHARMA.NS,2020-05-05,265.0,265.700012,254.149994,257.0,257.0,320836
942,WOCKPHARMA.NS,2020-05-06,260.0,261.5,254.0,256.200012,256.200012,238197
943,WOCKPHARMA.NS,2020-05-07,255.899994,259.25,253.0,254.55000299999998,254.55000299999998,219972
944,WOCKPHARMA.NS,2020-05-08,257.0,259.600006,251.0,253.399994,253.399994,223241
945,WOCKPHARMA.NS,2020-05-11,257.0,266.049988,249.05000299999998,257.200012,257.200012,2391671
946,WOCKPHARMA.NS,2020-05-12,256.850006,256.850006,244.350006,244.5,244.5,685645
947,WOCKPHARMA.NS,2020-05-13,250.0,251.0,235.80000299999998,238.5,238.5,572802
948,WOCKPHARMA.NS,2020-05-14,238.100006,243.25,232.55000299999998,235.100006,235.100006,569769
949,WOCKPHARMA.NS,2020-05-15,236.80000299999998,237.75,227.05000299999998,229.899994,229.899994,269689
950,ZEEL.NS,2020-05-04,150.0,152.0,143.449997,146.399994,146.399994,14571173
951,ZEEL.NS,2020-05-05,150.800003,155.449997,146.899994,148.399994,148.399994,22539665
952,ZEEL.NS,2020-05-06,150.0,154.5,147.0,152.649994,152.649994,13698946
953,ZEEL.NS,2020-05-07,151.949997,154.199997,146.100006,147.350006,147.350006,8145342
954,ZEEL.NS,2020-05-08,152.850006,158.75,148.100006,150.649994,150.649994,30517260
955,ZEEL.NS,2020-05-11,153.949997,161.850006,153.25,155.399994,155.399994,32287526
956,ZEEL.NS,2020-05-12,155.25,156.399994,148.050003,155.050003,155.050003,17380731
957,ZEEL.NS,2020-05-13,161.0,168.5,155.199997,165.149994,165.149994,27811752
958,ZEEL.NS,2020-05-14,163.0,172.949997,156.600006,169.649994,169.649994,32118430
959,ZEEL.NS,2020-05-15,166.699997,172.199997,162.5,164.199997,164.199997,28249578
960,ZENSARTECH.NS,2020-05-04,83.800003,83.800003,80.75,81.800003,81.800003,42323
961,ZENSARTECH.NS,2020-05-05,82.949997,84.699997,79.199997,79.949997,79.949997,57930
962,ZENSARTECH.NS,2020-05-06,82.0,83.650002,77.800003,82.400002,82.400002,39860
963,ZENSARTECH.NS,2020-05-07,84.900002,84.900002,79.400002,82.949997,82.949997,418122
964,ZENSARTECH.NS,2020-05-08,83.0,84.0,82.050003,83.599998,83.599998,244725
965,ZENSARTECH.NS,2020-05-11,83.400002,86.0,81.0,82.849998,82.849998,217969
966,ZENSARTECH.NS,2020-05-12,82.199997,82.199997,80.0,80.449997,80.449997,150481
967,ZENSARTECH.NS,2020-05-13,83.0,83.199997,81.0,82.800003,82.800003,28230
968,ZENSARTECH.NS,2020-05-14,81.949997,85.400002,80.099998,83.050003,83.050003,46469
969,ZENSARTECH.NS,2020-05-15,85.099998,87.199997,85.099998,87.199997,87.199997,302162
970,ZYDUSWELL.NS,2020-05-04,1325.0,1325.0,1270.0,1306.550049,1306.550049,27638
971,ZYDUSWELL.NS,2020-05-05,1306.699951,1322.25,1280.099976,1310.050049,1310.050049,33211
972,ZYDUSWELL.NS,2020-05-06,1323.949951,1323.949951,1294.949951,1305.400024,1305.400024,47241
973,ZYDUSWELL.NS,2020-05-07,1300.0,1320.0,1290.0,1294.050049,1294.050049,6178
974,ZYDUSWELL.NS,2020-05-08,1296.099976,1313.050049,1290.0,1297.550049,1297.550049,65701
975,ZYDUSWELL.NS,2020-05-11,1324.0,1324.0,1275.0,1279.849976,1279.849976,64111
976,ZYDUSWELL.NS,2020-05-12,1270.0,1273.949951,1250.25,1269.25,1269.25,62097
977,ZYDUSWELL.NS,2020-05-13,1290.5,1290.5,1253.050049,1266.900024,1266.900024,85293
978,ZYDUSWELL.NS,2020-05-14,1263.849976,1263.849976,1234.0,1243.550049,1243.550049,49358
979,ZYDUSWELL.NS,2020-05-15,1255.0,1269.949951,1221.099976,1234.400024,1234.400024,14930
980,ECLERX.NS,2020-05-04,458.0,458.0,442.450012,446.64999400000005,446.64999400000005,12564
981,ECLERX.NS,2020-05-05,448.0,450.799988,435.0,436.950012,436.950012,9781
982,ECLERX.NS,2020-05-06,436.0,439.950012,424.89999400000005,430.25,430.25,15064
983,ECLERX.NS,2020-05-07,432.0,498.89999400000005,428.25,467.35000599999995,467.35000599999995,340504
984,ECLERX.NS,2020-05-08,468.0,475.0,440.64999400000005,442.950012,442.950012,41093
985,ECLERX.NS,2020-05-11,445.0,447.35000599999995,430.200012,431.5,431.5,21791
986,ECLERX.NS,2020-05-12,431.0,435.60000599999995,426.0,432.450012,432.450012,22385
987,ECLERX.NS,2020-05-13,438.0,455.049988,436.0,442.60000599999995,442.60000599999995,27310
988,ECLERX.NS,2020-05-14,438.60000599999995,441.0,430.14999400000005,432.35000599999995,432.35000599999995,10607
989,ECLERX.NS,2020-05-15,434.0,440.549988,420.0,426.35000599999995,426.35000599999995,43179
